client_id,district_id,gender,age_group
1,18,F,1.0
2,1,M,3.0
3,1,F,3.0
4,5,M,2.0
5,5,F,2.0
6,12,M,4.0
7,15,M,4.0
8,51,F,4.0
9,60,M,4.0
10,57,M,3.0
11,57,F,2.0
12,40,M,0.0
13,54,F,0.0
14,76,F,3.0
15,21,F,4.0
16,21,M,4.0
17,76,M,4.0
18,76,F,4.0
19,47,M,3.0
20,46,M,0.0
21,12,F,2.0
22,1,F,1.0
23,1,M,0.0
24,43,F,3.0
25,21,F,3.0
26,74,F,1.0
27,54,F,1.0
28,1,M,3.0
29,30,F,2.0
30,74,F,2.0
31,68,M,1.0
32,52,M,0.0
33,73,F,2.0
36,7,F,0.0
37,7,M,1.0
38,36,F,0.0
39,68,M,1.0
40,5,F,2.0
41,22,M,1.0
42,68,M,4.0
43,75,M,4.0
44,38,F,0.0
45,20,M,2.0
46,19,F,3.0
47,76,M,4.0
48,16,M,3.0
49,72,F,2.0
50,39,F,0.0
51,36,F,0.0
52,32,M,4.0
53,64,M,0.0
55,45,F,3.0
56,21,M,2.0
57,21,F,1.0
58,1,F,4.0
59,1,M,2.0
60,67,M,0.0
61,16,F,3.0
62,77,M,4.0
63,4,M,2.0
64,20,M,4.0
65,50,F,3.0
66,1,F,2.0
67,29,F,4.0
68,43,M,3.0
70,70,M,4.0
71,70,F,4.0
72,47,M,4.0
73,22,M,4.0
74,22,F,4.0
75,64,F,0.0
76,36,F,1.0
77,1,F,2.0
78,16,F,3.0
79,37,F,1.0
80,64,F,0.0
81,8,M,0.0
82,8,F,0.0
83,1,F,0.0
84,1,M,0.0
85,1,M,1.0
86,1,F,1.0
87,72,F,3.0
89,1,F,2.0
90,52,M,0.0
91,63,M,3.0
92,74,F,1.0
93,3,M,4.0
94,43,M,3.0
95,43,F,2.0
96,74,M,0.0
97,26,M,1.0
98,33,F,0.0
99,33,M,0.0
100,44,F,3.0
101,68,M,3.0
102,74,F,2.0
103,74,M,2.0
105,31,M,0.0
106,68,F,1.0
107,1,M,0.0
108,17,M,1.0
110,2,F,1.0
112,1,M,4.0
113,1,F,3.0
114,74,F,1.0
115,74,M,1.0
116,74,M,3.0
117,74,F,4.0
118,55,M,4.0
119,55,F,4.0
120,1,M,0.0
121,41,F,0.0
122,35,F,1.0
123,11,M,1.0
124,44,M,1.0
125,37,M,4.0
126,37,F,4.0
127,21,F,2.0
128,63,F,0.0
129,64,F,3.0
130,53,M,3.0
131,53,F,0.0
132,36,M,2.0
134,6,M,4.0
135,6,F,4.0
136,55,F,4.0
137,60,M,4.0
138,54,F,0.0
139,8,F,2.0
140,8,M,1.0
141,31,M,4.0
142,68,M,4.0
143,27,M,0.0
144,65,M,2.0
145,55,M,0.0
146,31,F,1.0
147,21,F,4.0
148,21,M,3.0
149,55,M,3.0
150,2,F,0.0
151,51,F,1.0
152,29,F,3.0
153,13,F,0.0
154,74,M,4.0
155,74,F,3.0
156,54,F,4.0
157,52,F,3.0
158,40,F,3.0
159,40,M,4.0
160,64,F,3.0
161,34,F,3.0
162,65,M,3.0
163,74,M,4.0
164,70,F,1.0
165,22,M,1.0
166,22,F,1.0
167,38,F,0.0
168,24,F,0.0
169,38,M,2.0
170,38,F,3.0
171,51,M,4.0
172,51,F,4.0
173,21,F,4.0
174,10,M,0.0
175,31,M,2.0
176,4,M,4.0
178,8,M,1.0
179,43,M,0.0
180,73,M,0.0
181,76,M,1.0
182,76,F,2.0
183,1,F,0.0
184,1,M,0.0
185,77,M,2.0
186,46,F,1.0
187,58,M,3.0
188,64,M,2.0
189,11,M,4.0
190,37,F,3.0
191,37,M,2.0
192,70,M,1.0
193,1,M,1.0
194,28,F,4.0
195,74,M,4.0
196,74,F,4.0
197,30,M,4.0
198,60,M,0.0
199,29,M,4.0
200,29,F,4.0
201,17,F,4.0
202,29,F,0.0
203,31,M,1.0
204,31,F,1.0
205,4,F,3.0
206,59,F,1.0
207,46,M,4.0
208,13,F,3.0
209,13,M,4.0
210,66,M,3.0
211,66,F,3.0
212,52,M,0.0
215,71,M,1.0
216,1,M,2.0
217,59,F,0.0
218,1,F,0.0
219,60,F,1.0
221,21,F,0.0
222,47,F,0.0
223,43,F,2.0
224,77,M,2.0
225,32,M,4.0
226,1,M,3.0
227,52,F,4.0
228,48,F,2.0
229,76,M,1.0
230,74,F,1.0
231,41,M,3.0
232,55,F,4.0
233,69,F,2.0
234,69,M,2.0
235,44,F,3.0
236,70,M,1.0
237,70,F,1.0
238,6,F,1.0
239,1,F,0.0
240,34,F,4.0
241,70,M,2.0
242,17,F,1.0
243,63,M,2.0
246,67,F,1.0
247,1,M,2.0
248,61,F,1.0
249,61,M,1.0
250,8,F,0.0
251,54,F,0.0
252,37,F,1.0
253,48,F,3.0
254,28,M,1.0
255,27,F,2.0
256,73,F,1.0
257,22,F,3.0
258,22,M,4.0
259,31,M,1.0
260,31,F,1.0
261,38,F,4.0
262,77,M,3.0
263,68,M,1.0
264,28,M,0.0
265,72,F,4.0
266,19,F,1.0
267,37,M,1.0
268,39,F,0.0
269,15,F,4.0
270,46,M,3.0
271,46,F,3.0
272,70,F,3.0
273,27,F,0.0
274,17,F,1.0
275,1,F,4.0
276,1,M,2.0
277,1,F,1.0
278,22,F,0.0
279,22,M,1.0
280,45,F,1.0
282,73,F,4.0
283,73,M,4.0
284,10,M,0.0
285,72,M,2.0
286,72,F,2.0
287,50,M,0.0
288,6,M,1.0
289,54,M,2.0
290,72,M,2.0
291,72,F,2.0
292,15,F,2.0
293,69,M,3.0
294,58,M,1.0
295,12,M,3.0
296,65,M,0.0
297,65,F,4.0
298,65,M,4.0
300,1,F,2.0
301,28,M,3.0
302,56,M,1.0
303,74,M,3.0
304,19,F,4.0
305,46,M,4.0
308,68,F,0.0
309,37,F,1.0
310,11,M,2.0
311,64,F,4.0
312,2,M,4.0
313,24,F,3.0
314,24,M,3.0
315,54,M,1.0
316,75,M,2.0
317,64,F,2.0
318,15,F,3.0
319,19,F,4.0
320,19,M,4.0
321,47,F,3.0
322,38,M,4.0
323,38,F,4.0
324,3,M,1.0
325,3,M,2.0
326,27,F,1.0
327,27,M,1.0
328,1,F,4.0
329,11,M,1.0
330,65,F,3.0
331,1,M,3.0
332,29,M,0.0
333,38,M,1.0
334,32,M,1.0
335,73,F,1.0
336,39,F,1.0
337,39,M,2.0
338,8,F,2.0
339,1,M,1.0
340,1,F,1.0
341,69,M,0.0
342,69,F,0.0
343,44,M,4.0
344,54,F,1.0
345,17,M,2.0
346,17,F,2.0
347,71,M,2.0
348,71,F,2.0
349,39,F,4.0
350,25,F,4.0
351,1,M,0.0
352,56,M,3.0
353,7,M,1.0
354,49,F,4.0
355,49,M,4.0
356,1,F,0.0
357,1,M,0.0
358,7,F,2.0
359,66,M,1.0
360,49,M,3.0
361,74,F,0.0
362,35,F,2.0
363,35,M,3.0
364,54,F,3.0
365,1,M,4.0
366,1,F,4.0
367,60,F,1.0
368,60,M,1.0
369,7,F,4.0
370,71,F,2.0
371,4,M,3.0
372,34,M,4.0
373,16,M,4.0
374,26,M,1.0
375,61,F,1.0
376,14,F,0.0
378,50,M,0.0
379,50,F,0.0
380,41,M,0.0
381,73,F,0.0
382,73,M,0.0
383,15,F,3.0
384,15,M,4.0
385,45,M,3.0
386,62,M,0.0
387,76,M,4.0
388,36,F,2.0
389,47,F,0.0
390,47,F,0.0
391,47,F,4.0
392,74,F,2.0
393,74,M,2.0
394,52,F,4.0
395,52,M,4.0
396,1,M,4.0
397,75,M,4.0
398,61,F,4.0
399,45,M,2.0
400,1,M,4.0
401,1,F,4.0
402,3,M,3.0
403,42,F,0.0
404,42,M,1.0
405,65,F,4.0
406,36,M,0.0
407,73,F,0.0
408,35,F,0.0
409,74,M,4.0
410,62,M,1.0
411,17,F,3.0
412,17,M,3.0
413,49,F,0.0
414,46,F,3.0
415,46,M,3.0
416,1,F,4.0
417,1,M,4.0
418,28,M,1.0
419,64,F,1.0
420,18,M,0.0
421,54,M,1.0
422,69,M,3.0
423,37,M,2.0
424,1,M,3.0
425,25,M,3.0
426,72,M,4.0
427,72,F,3.0
428,47,F,4.0
429,50,F,0.0
430,39,M,4.0
431,24,F,4.0
432,59,F,2.0
433,62,M,2.0
434,70,F,3.0
435,20,M,1.0
436,2,M,2.0
437,11,F,4.0
438,32,M,4.0
439,51,F,1.0
440,15,F,1.0
441,1,M,2.0
442,1,F,0.0
443,1,M,0.0
444,74,F,2.0
445,1,F,3.0
446,1,M,2.0
447,23,M,3.0
448,77,F,1.0
450,25,M,2.0
451,12,M,0.0
452,55,F,2.0
453,67,M,1.0
454,38,F,2.0
455,68,M,4.0
456,25,M,3.0
457,70,M,2.0
458,68,M,1.0
459,32,F,1.0
461,68,F,1.0
462,14,M,1.0
463,38,M,3.0
464,24,F,2.0
465,5,M,2.0
466,1,F,3.0
467,1,M,2.0
468,72,M,2.0
469,59,F,1.0
470,30,F,2.0
471,44,M,0.0
472,36,M,0.0
473,1,F,3.0
474,46,M,2.0
476,1,F,3.0
477,1,M,2.0
478,21,M,0.0
479,11,M,3.0
480,11,F,3.0
481,69,M,4.0
482,69,F,4.0
483,1,M,3.0
484,28,F,2.0
485,32,M,0.0
486,68,M,3.0
487,1,F,4.0
488,1,M,4.0
489,41,M,3.0
490,55,M,2.0
491,63,M,1.0
492,72,M,4.0
493,41,F,3.0
494,1,M,0.0
495,49,F,4.0
496,70,F,2.0
497,74,M,2.0
498,74,F,3.0
499,18,F,4.0
500,1,M,1.0
501,62,M,4.0
502,6,M,4.0
503,73,M,2.0
504,36,M,0.0
505,13,M,0.0
506,75,M,3.0
507,75,M,2.0
508,53,M,1.0
509,73,M,0.0
510,12,M,0.0
511,9,M,2.0
512,60,F,1.0
513,8,F,0.0
514,8,M,1.0
515,1,M,4.0
516,1,F,4.0
517,63,M,1.0
518,54,F,0.0
519,18,M,0.0
520,46,F,3.0
521,69,M,0.0
522,1,F,2.0
523,38,M,4.0
524,30,F,1.0
525,30,M,1.0
526,43,M,1.0
527,43,F,1.0
528,37,M,0.0
529,69,M,0.0
530,29,F,2.0
531,27,M,0.0
532,27,F,0.0
533,54,F,3.0
534,74,M,2.0
535,26,M,4.0
536,47,M,3.0
537,1,M,4.0
538,5,F,3.0
540,19,M,4.0
541,19,F,4.0
542,59,F,4.0
543,11,F,2.0
544,63,M,3.0
545,75,F,0.0
546,7,M,2.0
547,54,M,2.0
548,49,M,4.0
550,7,M,1.0
551,47,F,0.0
552,1,F,4.0
553,1,M,3.0
554,30,F,4.0
555,30,M,4.0
556,29,M,3.0
557,51,M,3.0
558,43,F,4.0
559,32,F,0.0
560,71,F,1.0
561,74,F,1.0
562,49,F,0.0
563,72,F,1.0
564,72,M,2.0
565,64,F,2.0
566,47,F,3.0
567,47,M,2.0
568,8,F,2.0
569,73,M,1.0
570,61,F,3.0
571,3,M,4.0
572,3,F,4.0
573,69,M,1.0
574,1,M,0.0
575,58,M,1.0
576,58,F,0.0
577,1,F,1.0
578,23,F,0.0
579,72,F,4.0
581,70,F,2.0
582,1,M,2.0
583,75,F,1.0
584,33,F,0.0
585,40,F,3.0
586,40,M,3.0
587,25,F,3.0
588,61,F,2.0
589,45,M,1.0
590,44,M,2.0
591,65,F,0.0
592,26,M,1.0
593,60,F,2.0
596,69,M,3.0
597,55,M,3.0
598,1,M,1.0
599,1,F,0.0
601,56,M,1.0
602,56,F,1.0
603,13,F,1.0
604,1,F,1.0
605,1,F,1.0
606,10,F,2.0
607,64,M,1.0
608,67,M,0.0
609,52,M,1.0
610,74,F,0.0
611,36,M,2.0
612,36,F,2.0
613,1,F,0.0
614,14,F,3.0
615,68,F,2.0
616,58,M,0.0
617,70,M,0.0
618,57,F,4.0
619,6,M,4.0
620,6,F,4.0
621,54,M,3.0
622,74,F,4.0
623,24,M,4.0
624,24,F,4.0
625,60,F,0.0
626,9,M,0.0
627,17,M,0.0
628,17,F,1.0
629,16,M,0.0
630,61,M,2.0
631,70,F,2.0
632,67,M,3.0
633,67,F,4.0
635,17,F,4.0
636,17,M,4.0
637,39,F,1.0
638,54,F,1.0
639,31,M,0.0
640,26,M,0.0
641,40,F,1.0
642,40,M,1.0
643,1,F,2.0
644,35,F,1.0
645,14,M,4.0
646,34,F,4.0
647,34,M,4.0
648,70,F,4.0
649,13,F,0.0
651,54,F,0.0
652,61,M,3.0
653,1,F,4.0
654,64,F,3.0
655,32,M,3.0
656,1,M,2.0
657,8,F,4.0
658,8,M,4.0
659,24,M,1.0
660,16,M,4.0
661,16,F,4.0
662,5,M,3.0
663,24,M,4.0
664,77,F,0.0
665,62,F,4.0
666,26,M,0.0
667,26,F,0.0
668,1,F,3.0
669,12,F,2.0
670,1,M,2.0
671,10,F,1.0
672,46,F,4.0
673,36,M,3.0
674,11,F,4.0
675,50,M,0.0
676,70,M,2.0
677,5,M,1.0
678,39,F,4.0
679,8,M,3.0
680,8,F,3.0
681,15,M,0.0
682,18,M,0.0
683,76,F,3.0
684,3,F,0.0
685,72,F,4.0
686,32,F,1.0
687,32,M,0.0
688,1,M,2.0
689,70,M,1.0
690,38,M,3.0
691,38,F,3.0
692,74,F,4.0
693,74,M,4.0
694,29,M,4.0
695,28,M,2.0
696,28,F,2.0
697,1,M,0.0
698,75,M,2.0
699,26,F,4.0
700,12,M,4.0
702,31,F,1.0
703,4,M,2.0
704,54,M,0.0
705,19,M,3.0
706,1,M,3.0
707,1,M,3.0
708,50,F,0.0
709,1,M,4.0
710,23,M,4.0
711,48,F,1.0
712,54,M,1.0
713,20,F,0.0
714,31,M,1.0
715,1,F,2.0
716,1,F,2.0
717,54,M,1.0
718,54,F,2.0
719,46,M,0.0
720,29,M,2.0
721,43,M,3.0
722,62,F,1.0
723,12,F,2.0
724,65,F,2.0
725,75,M,2.0
726,16,M,4.0
727,32,F,4.0
728,32,M,4.0
729,63,F,1.0
730,63,M,0.0
731,74,F,0.0
732,74,M,0.0
733,46,M,0.0
734,46,F,0.0
735,1,M,0.0
736,1,F,0.0
737,74,M,2.0
738,25,M,4.0
739,72,M,3.0
740,55,M,4.0
741,74,M,3.0
742,1,F,2.0
743,1,M,3.0
744,26,M,3.0
745,52,F,1.0
746,52,M,1.0
747,24,F,2.0
748,25,M,4.0
749,25,F,4.0
750,70,F,2.0
751,70,M,2.0
752,72,M,3.0
753,72,F,3.0
754,63,F,3.0
755,72,M,3.0
756,31,M,4.0
757,71,F,1.0
758,68,F,1.0
759,29,M,2.0
760,57,F,4.0
762,21,M,4.0
763,75,F,4.0
764,49,F,2.0
765,65,M,1.0
766,1,F,4.0
767,1,M,4.0
768,32,F,4.0
769,40,M,0.0
772,64,M,3.0
773,4,M,4.0
774,70,M,0.0
775,51,F,3.0
776,1,F,2.0
777,1,M,1.0
778,13,M,3.0
779,69,F,3.0
780,3,M,4.0
781,72,M,3.0
782,5,F,1.0
783,27,F,1.0
784,27,M,1.0
785,63,M,4.0
786,53,M,0.0
787,3,M,3.0
788,47,M,0.0
789,4,M,4.0
790,63,F,1.0
791,68,F,2.0
793,21,M,0.0
794,21,F,0.0
796,1,M,4.0
797,8,M,3.0
798,27,F,3.0
799,27,M,4.0
803,35,M,2.0
804,35,F,2.0
806,60,M,0.0
807,53,F,1.0
808,31,M,1.0
809,49,M,4.0
810,58,F,3.0
811,58,M,3.0
812,39,M,3.0
813,70,M,1.0
814,19,M,2.0
815,22,F,1.0
816,17,F,2.0
818,54,M,1.0
819,74,M,2.0
820,74,F,2.0
821,49,M,3.0
822,37,F,2.0
823,41,M,2.0
824,27,M,2.0
825,74,M,0.0
826,1,M,0.0
827,10,F,1.0
828,10,M,2.0
829,24,M,2.0
830,69,M,3.0
831,2,M,3.0
832,67,F,4.0
833,5,M,2.0
834,54,M,4.0
835,28,F,3.0
836,28,M,3.0
837,71,M,0.0
838,71,F,1.0
839,47,F,2.0
840,20,M,4.0
841,69,M,0.0
842,12,F,4.0
843,54,F,2.0
844,22,M,3.0
845,22,F,2.0
846,35,M,2.0
847,49,M,0.0
849,26,F,3.0
850,19,M,1.0
851,25,M,4.0
852,25,F,4.0
853,70,M,2.0
854,72,F,3.0
855,58,M,4.0
856,23,M,4.0
857,32,M,3.0
858,47,F,2.0
859,1,F,1.0
860,1,M,1.0
861,1,F,2.0
862,30,M,2.0
863,54,F,1.0
864,11,M,2.0
865,11,F,3.0
866,38,F,0.0
870,70,M,2.0
871,76,M,0.0
872,35,M,1.0
873,60,M,3.0
874,14,F,2.0
875,14,M,2.0
876,1,M,1.0
877,5,F,4.0
878,5,M,4.0
879,38,F,3.0
880,49,M,2.0
881,5,F,0.0
882,70,F,4.0
883,75,F,4.0
884,75,M,4.0
885,34,M,4.0
886,34,M,3.0
887,66,F,0.0
888,28,M,0.0
889,54,F,0.0
890,77,M,4.0
891,33,M,4.0
892,42,F,4.0
893,43,F,4.0
894,75,M,4.0
895,39,M,1.0
896,36,F,0.0
897,36,M,0.0
898,38,F,3.0
899,38,M,3.0
900,73,M,0.0
901,39,M,4.0
902,23,M,2.0
903,31,M,4.0
904,1,M,4.0
905,38,M,3.0
906,65,M,0.0
907,51,M,3.0
908,51,F,1.0
909,23,M,0.0
910,1,M,1.0
911,43,M,3.0
912,76,M,4.0
913,1,M,4.0
914,1,F,4.0
915,12,M,0.0
916,3,M,2.0
917,25,F,0.0
918,26,M,1.0
921,7,F,2.0
922,22,F,0.0
923,22,M,0.0
924,1,M,2.0
925,54,M,2.0
926,1,M,0.0
927,1,M,0.0
928,66,F,2.0
929,30,M,4.0
930,68,F,2.0
931,16,M,1.0
932,3,M,3.0
933,33,F,0.0
934,33,M,0.0
935,42,F,3.0
936,42,M,3.0
937,1,M,4.0
938,59,F,3.0
939,21,M,2.0
940,53,M,2.0
941,10,M,4.0
942,12,F,4.0
943,12,M,4.0
944,39,M,1.0
945,39,F,0.0
946,54,M,2.0
948,49,M,4.0
949,3,M,0.0
950,76,F,1.0
951,76,M,2.0
952,63,F,2.0
953,25,M,4.0
954,1,F,3.0
955,57,M,1.0
956,1,M,1.0
957,56,F,3.0
958,56,M,3.0
959,11,F,1.0
960,16,F,2.0
961,15,F,4.0
962,19,M,1.0
963,64,F,1.0
964,10,F,2.0
965,13,F,0.0
966,13,M,0.0
967,76,M,0.0
968,69,M,2.0
970,36,M,2.0
971,46,F,4.0
972,46,M,4.0
973,14,F,1.0
974,14,M,1.0
975,1,F,2.0
976,16,F,2.0
977,76,F,4.0
978,56,F,1.0
979,56,M,1.0
980,40,M,1.0
981,5,M,2.0
984,20,M,2.0
985,20,F,3.0
986,74,M,2.0
987,60,M,2.0
988,40,F,3.0
989,40,M,4.0
990,71,M,1.0
991,32,M,3.0
992,19,M,3.0
993,44,F,1.0
994,36,M,1.0
995,36,F,0.0
996,1,F,0.0
997,59,M,2.0
998,59,F,2.0
999,74,F,1.0
1000,74,M,1.0
1001,44,M,3.0
1002,42,F,3.0
1003,31,F,4.0
1004,3,M,2.0
1006,46,F,3.0
1007,46,M,4.0
1008,6,M,2.0
1009,33,F,1.0
1010,33,M,2.0
1011,16,M,3.0
1012,70,F,1.0
1013,70,M,0.0
1014,1,M,4.0
1015,62,M,4.0
1016,62,F,3.0
1017,6,F,3.0
1018,53,M,3.0
1019,14,F,3.0
1020,72,F,0.0
1021,2,M,0.0
1022,31,M,3.0
1023,1,M,3.0
1024,25,M,2.0
1025,15,M,1.0
1026,57,M,0.0
1027,1,F,3.0
1028,1,M,4.0
1029,1,F,2.0
1030,1,M,3.0
1031,2,F,1.0
1032,1,F,4.0
1033,1,M,4.0
1034,52,F,0.0
1035,13,F,1.0
1036,13,M,0.0
1037,1,F,1.0
1038,69,F,1.0
1039,70,F,0.0
1040,1,M,2.0
1041,72,M,1.0
1042,17,F,1.0
1043,17,M,1.0
1044,9,F,1.0
1045,60,F,3.0
1046,1,M,0.0
1047,16,F,1.0
1048,70,F,0.0
1049,1,M,3.0
1050,27,F,1.0
1051,73,F,1.0
1052,56,M,1.0
1053,56,F,2.0
1054,63,M,4.0
1055,4,M,4.0
1056,1,M,1.0
1057,52,M,3.0
1058,9,F,0.0
1059,26,M,2.0
1060,26,F,2.0
1062,16,M,0.0
1063,16,F,0.0
1064,1,F,2.0
1065,2,M,2.0
1066,1,M,3.0
1067,1,M,2.0
1068,13,F,4.0
1069,54,F,4.0
1070,54,M,3.0
1071,43,M,4.0
1072,60,F,1.0
1073,34,M,4.0
1074,34,F,4.0
1075,65,F,4.0
1076,53,F,0.0
1077,46,M,4.0
1078,24,F,0.0
1079,3,M,1.0
1080,54,F,2.0
1081,71,M,1.0
1082,9,M,1.0
1083,48,M,4.0
1084,48,F,3.0
1085,60,F,4.0
1086,74,M,0.0
1087,74,F,0.0
1088,47,F,1.0
1089,1,M,3.0
1090,35,F,3.0
1091,59,F,3.0
1092,41,F,1.0
1093,62,F,0.0
1094,30,F,2.0
1095,30,M,2.0
1096,1,F,4.0
1097,1,M,4.0
1098,60,F,3.0
1099,65,F,0.0
1100,59,M,2.0
1101,74,M,3.0
1102,72,M,4.0
1103,1,M,2.0
1104,1,F,2.0
1105,56,M,3.0
1106,56,F,3.0
1107,60,M,1.0
1108,62,F,2.0
1109,58,F,4.0
1110,10,F,4.0
1111,61,M,0.0
1112,13,F,4.0
1113,11,M,0.0
1114,59,M,0.0
1115,36,F,4.0
1116,69,F,0.0
1117,20,F,0.0
1118,20,M,1.0
1119,54,F,0.0
1120,41,F,0.0
1121,59,M,3.0
1122,20,M,4.0
1123,20,F,4.0
1124,21,M,4.0
1125,9,F,4.0
1126,9,M,4.0
1127,23,M,0.0
1128,7,M,4.0
1129,43,M,4.0
1130,70,F,3.0
1131,55,F,3.0
1132,55,M,3.0
1133,37,F,2.0
1134,37,M,2.0
1135,8,M,2.0
1136,9,F,0.0
1137,1,F,0.0
1138,70,F,1.0
1139,70,M,0.0
1140,18,M,3.0
1141,21,F,3.0
1142,59,F,3.0
1143,59,M,3.0
1145,58,F,1.0
1146,54,M,1.0
1147,3,M,4.0
1148,41,M,3.0
1149,14,F,0.0
1150,74,F,3.0
1151,59,M,0.0
1152,74,M,0.0
1153,70,F,0.0
1154,72,M,4.0
1155,72,F,4.0
1156,1,F,4.0
1157,4,F,2.0
1158,1,F,2.0
1159,64,M,3.0
1160,64,F,4.0
1161,7,M,0.0
1162,26,F,0.0
1163,20,M,1.0
1164,15,F,2.0
1165,15,F,3.0
1166,74,M,2.0
1167,74,F,2.0
1168,19,M,0.0
1169,18,F,3.0
1170,12,M,0.0
1171,46,F,0.0
1172,54,F,4.0
1173,54,M,4.0
1174,29,F,1.0
1175,1,M,4.0
1176,1,F,4.0
1177,77,F,3.0
1178,1,F,1.0
1179,1,F,4.0
1180,21,M,3.0
1181,1,M,3.0
1182,66,F,3.0
1183,54,M,3.0
1186,2,F,3.0
1187,32,F,1.0
1188,32,M,1.0
1189,74,F,4.0
1190,15,F,0.0
1191,15,M,0.0
1192,10,F,4.0
1193,19,M,4.0
1194,17,F,3.0
1195,39,F,3.0
1196,22,M,3.0
1197,6,F,1.0
1198,72,F,0.0
1199,64,F,0.0
1200,47,F,4.0
1201,54,M,3.0
1202,47,F,0.0
1204,77,F,0.0
1206,50,M,2.0
1207,28,F,3.0
1208,70,F,0.0
1209,36,F,2.0
1210,6,M,1.0
1211,1,M,0.0
1212,13,F,4.0
1213,1,M,1.0
1214,61,M,3.0
1215,45,M,3.0
1216,65,F,3.0
1217,59,M,4.0
1218,74,M,0.0
1219,1,M,3.0
1220,40,F,2.0
1221,14,F,0.0
1222,7,F,3.0
1223,14,F,2.0
1224,56,M,4.0
1225,42,M,3.0
1226,33,F,2.0
1227,33,M,2.0
1228,21,F,2.0
1229,19,M,1.0
1231,20,F,1.0
1232,20,M,2.0
1233,68,M,3.0
1234,23,M,0.0
1235,23,F,0.0
1236,26,F,1.0
1237,57,M,4.0
1238,74,M,4.0
1239,11,F,0.0
1240,32,F,0.0
1241,73,F,3.0
1242,73,F,3.0
1243,11,F,0.0
1244,1,M,1.0
1245,64,M,0.0
1246,70,M,1.0
1247,70,F,1.0
1248,19,M,1.0
1250,43,F,2.0
1251,1,M,2.0
1252,1,F,2.0
1253,14,F,1.0
1254,3,F,3.0
1255,1,F,1.0
1256,46,F,2.0
1257,35,F,4.0
1258,35,M,4.0
1259,18,M,1.0
1260,57,F,3.0
1261,57,M,2.0
1262,35,M,2.0
1263,35,F,2.0
1264,61,F,0.0
1265,57,F,2.0
1266,71,F,2.0
1267,29,F,2.0
1268,29,M,2.0
1269,1,F,2.0
1270,13,M,4.0
1271,47,M,4.0
1272,8,M,3.0
1273,6,M,0.0
1274,44,M,0.0
1275,1,F,2.0
1276,68,F,3.0
1277,70,M,4.0
1278,72,M,0.0
1279,16,M,2.0
1280,34,M,2.0
1281,34,F,2.0
1282,52,M,4.0
1283,66,F,3.0
1284,66,M,3.0
1285,62,M,3.0
1286,52,F,2.0
1287,65,F,3.0
1288,73,M,0.0
1289,59,M,3.0
1290,35,M,0.0
1291,1,F,1.0
1292,14,M,0.0
1293,1,M,4.0
1294,1,F,4.0
1295,74,F,3.0
1296,55,F,2.0
1297,64,F,4.0
1298,64,M,4.0
1299,2,F,4.0
1300,45,M,0.0
1303,42,F,3.0
1304,37,M,4.0
1305,55,F,3.0
1306,32,F,4.0
1307,74,M,2.0
1308,69,M,2.0
1309,1,M,0.0
1310,41,F,0.0
1311,54,F,2.0
1312,35,F,4.0
1313,54,M,1.0
1314,54,F,0.0
1315,34,M,4.0
1316,67,F,3.0
1317,67,M,3.0
1318,47,M,4.0
1321,35,F,0.0
1322,4,F,3.0
1323,70,M,3.0
1324,66,F,2.0
1325,39,M,3.0
1326,55,F,2.0
1327,20,F,1.0
1328,42,F,4.0
1329,26,M,4.0
1330,66,M,1.0
1331,54,M,1.0
1332,5,F,2.0
1333,48,M,2.0
1334,8,M,0.0
1335,1,F,1.0
1336,1,M,1.0
1337,56,F,0.0
1338,56,M,0.0
1339,22,M,2.0
1340,68,F,3.0
1341,69,F,1.0
1343,1,F,3.0
1344,1,M,4.0
1345,32,M,1.0
1346,13,M,2.0
1347,13,M,1.0
1348,13,F,0.0
1349,26,F,1.0
1350,1,M,2.0
1351,1,F,2.0
1352,54,F,1.0
1353,27,M,2.0
1354,64,M,4.0
1355,35,F,0.0
1356,1,M,4.0
1359,1,F,2.0
1360,1,M,3.0
1361,1,F,4.0
1362,1,M,4.0
1363,6,F,0.0
1364,1,M,4.0
1365,1,F,4.0
1366,12,F,0.0
1367,60,F,1.0
1368,60,M,2.0
1369,41,M,0.0
1370,34,F,1.0
1371,49,F,3.0
1372,28,F,0.0
1373,74,F,0.0
1375,69,M,0.0
1376,18,M,2.0
1377,18,F,2.0
1378,74,F,3.0
1379,74,M,4.0
1380,44,F,2.0
1382,18,F,0.0
1383,29,M,0.0
1384,40,F,2.0
1385,22,M,2.0
1386,22,F,2.0
1387,1,F,0.0
1388,5,F,1.0
1389,43,F,4.0
1390,59,F,0.0
1391,41,M,1.0
1392,50,M,4.0
1393,50,F,4.0
1394,49,F,3.0
1395,49,M,3.0
1396,39,F,3.0
1397,66,F,4.0
1401,35,M,0.0
1402,44,M,4.0
1403,44,F,3.0
1404,11,F,1.0
1406,29,F,3.0
1407,29,M,3.0
1408,49,M,1.0
1409,25,M,2.0
1410,18,M,3.0
1411,18,F,3.0
1412,6,M,0.0
1413,11,F,1.0
1414,70,F,0.0
1416,19,M,4.0
1417,27,F,1.0
1418,41,F,0.0
1419,74,F,4.0
1420,74,M,4.0
1421,20,F,2.0
1422,69,F,0.0
1423,69,M,0.0
1424,8,M,2.0
1425,12,M,1.0
1426,12,F,1.0
1427,14,F,1.0
1428,12,M,4.0
1429,12,F,4.0
1430,64,F,0.0
1431,55,F,4.0
1432,16,F,1.0
1433,72,F,2.0
1434,72,M,1.0
1435,52,M,2.0
1438,29,F,1.0
1439,29,M,0.0
1440,1,M,0.0
1441,42,F,4.0
1442,42,M,4.0
1443,29,M,4.0
1444,29,F,3.0
1445,68,M,3.0
1446,70,M,2.0
1447,70,F,2.0
1448,50,F,2.0
1449,41,M,2.0
1450,61,F,1.0
1452,72,F,3.0
1453,29,F,1.0
1454,73,M,4.0
1455,73,F,4.0
1456,70,M,4.0
1457,70,F,4.0
1458,67,M,4.0
1459,4,M,0.0
1460,23,F,4.0
1461,28,M,1.0
1462,49,M,3.0
1463,70,F,4.0
1464,36,F,4.0
1465,36,M,4.0
1466,39,M,2.0
1467,65,M,4.0
1468,77,F,3.0
1469,54,F,1.0
1470,1,M,3.0
1471,1,F,4.0
1472,1,F,1.0
1473,1,F,4.0
1474,45,F,0.0
1475,19,M,4.0
1476,70,M,1.0
1478,4,M,1.0
1479,1,M,2.0
1480,69,M,3.0
1481,62,F,4.0
1482,46,F,2.0
1483,1,F,2.0
1484,1,M,2.0
1485,7,M,0.0
1486,7,F,0.0
1487,48,F,0.0
1488,31,M,1.0
1489,6,M,4.0
1490,42,M,4.0
1491,19,M,0.0
1492,9,F,1.0
1493,1,M,4.0
1494,1,F,4.0
1495,1,F,4.0
1496,1,F,3.0
1497,53,F,3.0
1498,53,M,3.0
1499,74,F,2.0
1500,1,M,0.0
1501,68,M,3.0
1502,68,M,0.0
1503,58,M,4.0
1504,58,F,4.0
1505,65,F,1.0
1506,22,M,4.0
1507,22,F,4.0
1508,67,F,2.0
1509,62,F,3.0
1510,34,F,3.0
1511,13,F,1.0
1512,5,F,3.0
1513,74,M,2.0
1514,68,M,2.0
1516,38,F,3.0
1517,66,M,2.0
1518,3,F,2.0
1519,3,M,2.0
1520,72,M,2.0
1521,5,M,0.0
1522,52,F,1.0
1523,29,F,4.0
1524,30,F,1.0
1525,1,M,3.0
1526,1,F,4.0
1527,49,M,4.0
1528,57,M,1.0
1529,43,F,0.0
1530,74,F,3.0
1531,52,F,2.0
1532,52,M,1.0
1533,55,M,1.0
1534,17,F,2.0
1535,40,M,4.0
1536,37,F,1.0
1537,54,M,0.0
1539,32,M,4.0
1540,36,M,4.0
1541,36,F,4.0
1542,31,M,4.0
1543,31,F,4.0
1546,28,M,4.0
1547,28,F,4.0
1548,70,M,4.0
1549,70,F,4.0
1550,8,F,3.0
1554,55,M,3.0
1555,30,M,2.0
1556,66,M,2.0
1557,35,F,2.0
1558,11,F,4.0
1559,72,M,3.0
1561,1,F,4.0
1562,1,M,4.0
1563,3,M,0.0
1564,40,F,3.0
1565,71,M,2.0
1566,15,F,1.0
1567,50,M,4.0
1568,50,F,4.0
1569,54,F,2.0
1570,54,M,2.0
1571,7,F,1.0
1572,1,F,1.0
1574,18,M,0.0
1575,55,F,4.0
1576,55,M,4.0
1577,23,M,3.0
1578,40,F,1.0
1579,27,M,1.0
1580,1,F,1.0
1581,56,F,1.0
1582,54,M,4.0
1583,1,F,0.0
1584,1,F,1.0
1585,60,M,4.0
1586,60,F,4.0
1587,23,M,4.0
1588,45,M,2.0
1589,48,F,2.0
1590,13,F,3.0
1591,42,F,2.0
1592,56,M,4.0
1593,56,F,4.0
1594,56,M,3.0
1595,56,F,2.0
1596,58,F,0.0
1597,60,M,2.0
1598,67,M,4.0
1599,43,M,1.0
1600,43,F,1.0
1601,42,F,1.0
1602,42,M,1.0
1603,26,M,1.0
1604,26,F,1.0
1605,52,F,0.0
1606,65,M,0.0
1607,8,F,3.0
1608,53,M,3.0
1609,53,F,3.0
1610,68,F,3.0
1611,59,F,1.0
1612,59,M,2.0
1613,50,M,1.0
1614,21,M,4.0
1615,74,F,2.0
1616,54,M,4.0
1617,5,F,2.0
1618,17,F,0.0
1619,74,F,3.0
1620,74,M,4.0
1621,76,F,2.0
1622,52,M,2.0
1623,36,M,1.0
1624,9,M,1.0
1625,9,F,0.0
1628,12,F,2.0
1629,28,M,1.0
1630,28,F,1.0
1631,74,M,0.0
1632,8,F,3.0
1633,55,F,0.0
1634,55,M,1.0
1635,75,F,4.0
1636,75,M,4.0
1637,21,M,3.0
1638,40,F,2.0
1639,1,F,2.0
1640,51,F,2.0
1641,31,F,4.0
1642,1,F,2.0
1643,39,F,0.0
1644,56,M,0.0
1645,39,F,1.0
1646,8,M,1.0
1647,71,F,0.0
1648,46,M,2.0
1649,46,F,2.0
1650,1,M,2.0
1651,11,F,1.0
1653,42,M,3.0
1654,60,M,1.0
1655,74,M,0.0
1656,22,F,1.0
1657,32,M,4.0
1658,52,F,4.0
1659,1,F,4.0
1660,1,F,0.0
1661,47,F,2.0
1662,53,M,1.0
1663,19,M,2.0
1664,64,F,4.0
1665,64,M,4.0
1666,1,M,3.0
1667,1,F,3.0
1668,20,F,2.0
1669,47,M,2.0
1670,53,M,1.0
1671,57,F,4.0
1672,57,M,4.0
1673,48,M,0.0
1674,11,F,4.0
1675,74,M,3.0
1676,53,M,2.0
1677,53,F,3.0
1679,67,F,3.0
1680,29,F,0.0
1681,34,M,3.0
1682,69,M,2.0
1683,15,F,2.0
1684,15,M,3.0
1685,61,F,3.0
1686,1,F,3.0
1687,1,M,3.0
1688,32,M,4.0
1689,1,M,4.0
1690,46,F,3.0
1691,21,F,0.0
1692,62,M,0.0
1693,45,F,0.0
1694,45,M,0.0
1696,1,F,4.0
1697,55,F,1.0
1698,55,M,1.0
1699,17,M,2.0
1700,7,M,2.0
1701,7,F,3.0
1702,53,F,0.0
1703,50,M,4.0
1704,50,F,4.0
1705,19,F,3.0
1706,19,M,3.0
1707,10,M,2.0
1709,74,F,2.0
1710,54,M,3.0
1711,64,F,1.0
1712,64,M,1.0
1713,65,M,4.0
1714,58,M,3.0
1717,73,F,0.0
1718,75,M,4.0
1719,35,M,1.0
1720,33,F,4.0
1721,33,M,4.0
1722,68,M,4.0
1723,71,F,0.0
1724,68,F,4.0
1725,76,F,2.0
1726,76,M,2.0
1727,32,M,2.0
1728,32,F,3.0
1729,76,M,3.0
1730,40,M,4.0
1731,17,F,1.0
1733,57,F,0.0
1734,26,M,0.0
1735,26,F,0.0
1736,41,F,0.0
1737,27,M,2.0
1738,27,F,1.0
1741,70,M,4.0
1742,1,M,2.0
1743,3,M,2.0
1744,50,F,1.0
1745,23,F,2.0
1746,11,F,2.0
1747,11,M,2.0
1748,64,M,0.0
1749,50,F,4.0
1750,23,M,1.0
1751,54,M,2.0
1752,70,M,0.0
1753,60,F,0.0
1754,57,M,0.0
1755,65,F,1.0
1756,1,M,4.0
1757,1,F,4.0
1758,35,M,3.0
1759,63,F,4.0
1760,77,M,4.0
1761,45,M,3.0
1762,61,M,2.0
1763,46,M,1.0
1764,66,M,1.0
1765,9,M,0.0
1768,29,M,2.0
1769,12,M,2.0
1770,12,F,2.0
1771,54,F,4.0
1772,73,F,0.0
1774,32,F,1.0
1775,73,M,3.0
1776,30,F,2.0
1777,69,F,1.0
1778,69,M,1.0
1779,37,M,4.0
1780,54,F,2.0
1781,67,M,4.0
1782,19,M,2.0
1783,1,F,3.0
1784,2,F,0.0
1785,39,M,0.0
1786,63,F,4.0
1787,63,M,4.0
1788,1,M,2.0
1789,61,F,4.0
1790,1,M,2.0
1791,5,F,1.0
1792,54,M,0.0
1793,41,F,3.0
1794,54,F,3.0
1795,38,F,2.0
1796,10,M,3.0
1797,10,F,3.0
1798,70,M,4.0
1799,36,M,2.0
1800,63,F,3.0
1801,66,M,1.0
1802,66,F,1.0
1803,25,F,3.0
1806,5,M,2.0
1807,47,M,4.0
1808,47,F,4.0
1809,24,M,4.0
1810,41,M,4.0
1811,1,M,3.0
1812,36,F,3.0
1813,36,M,2.0
1814,57,M,3.0
1815,16,F,0.0
1816,62,M,2.0
1817,47,F,2.0
1818,47,M,2.0
1819,43,F,0.0
1820,50,F,4.0
1821,1,M,3.0
1822,71,F,4.0
1823,1,F,0.0
1824,69,M,2.0
1825,51,F,0.0
1826,13,M,4.0
1827,13,F,3.0
1828,69,M,1.0
1829,51,F,3.0
1830,33,M,2.0
1831,51,M,0.0
1832,1,F,1.0
1833,30,M,1.0
1834,7,M,4.0
1835,7,F,4.0
1836,36,F,3.0
1837,67,M,2.0
1838,67,F,2.0
1839,5,F,4.0
1840,5,M,4.0
1841,67,F,2.0
1842,9,M,3.0
1843,48,F,3.0
1844,74,F,4.0
1845,74,M,4.0
1846,48,M,0.0
1847,52,F,0.0
1848,6,F,4.0
1849,57,F,4.0
1850,52,F,3.0
1851,31,F,0.0
1852,50,M,1.0
1853,1,M,1.0
1854,70,F,4.0
1856,54,F,1.0
1857,54,M,1.0
1860,1,F,1.0
1861,29,M,2.0
1862,50,F,0.0
1863,54,M,2.0
1864,22,M,3.0
1865,22,F,2.0
1866,64,F,3.0
1867,1,F,3.0
1868,60,M,0.0
1869,1,F,4.0
1870,1,M,4.0
1871,1,F,0.0
1872,52,F,1.0
1873,52,M,1.0
1874,1,M,3.0
1875,15,M,0.0
1876,1,M,2.0
1877,47,F,2.0
1878,47,M,1.0
1879,21,F,3.0
1880,1,M,0.0
1881,72,M,4.0
1882,72,F,4.0
1883,18,F,1.0
1884,59,F,0.0
1885,47,F,1.0
1886,34,M,4.0
1887,54,M,4.0
1888,66,F,4.0
1889,32,F,2.0
1890,14,F,2.0
1891,62,F,2.0
1892,66,M,4.0
1893,66,F,4.0
1894,1,F,3.0
1895,47,F,1.0
1896,48,M,0.0
1897,36,F,1.0
1898,73,M,1.0
1899,10,M,3.0
1900,23,M,1.0
1901,23,F,1.0
1903,1,F,3.0
1904,66,M,3.0
1905,72,F,2.0
1906,63,M,4.0
1907,75,F,4.0
1908,33,M,4.0
1909,35,F,3.0
1910,67,M,3.0
1911,48,F,4.0
1912,57,M,0.0
1913,69,M,1.0
1914,39,F,3.0
1915,39,M,3.0
1916,28,M,4.0
1917,69,F,1.0
1919,30,M,2.0
1920,42,M,0.0
1921,1,F,3.0
1922,1,M,2.0
1923,1,F,2.0
1924,67,M,4.0
1925,37,M,4.0
1926,37,F,4.0
1927,77,M,2.0
1928,77,F,2.0
1929,65,F,2.0
1930,38,F,4.0
1931,16,F,3.0
1932,15,F,3.0
1934,70,F,4.0
1935,68,F,4.0
1936,15,F,2.0
1937,15,M,2.0
1938,57,F,3.0
1939,1,M,4.0
1940,1,F,4.0
1941,10,F,4.0
1942,10,M,4.0
1943,39,M,4.0
1944,31,F,2.0
1945,54,M,2.0
1946,72,M,4.0
1947,23,M,0.0
1948,71,F,3.0
1949,71,M,3.0
1950,26,M,4.0
1951,41,M,1.0
1952,52,F,1.0
1953,52,M,1.0
1954,69,M,2.0
1955,66,F,1.0
1956,1,F,4.0
1957,63,M,0.0
1958,63,F,0.0
1959,1,M,4.0
1960,22,M,3.0
1961,31,F,4.0
1962,6,M,2.0
1963,38,M,3.0
1964,17,M,4.0
1965,75,M,3.0
1966,19,F,3.0
1967,1,F,1.0
1968,1,M,2.0
1969,53,F,4.0
1970,1,F,3.0
1971,3,F,1.0
1972,1,F,3.0
1973,60,F,4.0
1974,10,M,4.0
1975,10,F,4.0
1976,72,M,4.0
1977,10,F,4.0
1978,18,F,2.0
1979,51,F,4.0
1980,77,M,2.0
1981,19,F,1.0
1982,53,M,0.0
1983,53,F,0.0
1984,1,M,4.0
1985,6,M,4.0
1986,6,F,3.0
1988,13,M,2.0
1989,50,F,3.0
1990,50,M,3.0
1991,64,M,4.0
1993,1,M,0.0
1994,1,F,1.0
1995,50,F,3.0
1996,1,M,4.0
1997,1,F,0.0
1998,40,F,0.0
1999,74,F,0.0
2000,39,F,3.0
2001,34,F,0.0
2002,70,F,4.0
2003,70,M,4.0
2004,1,F,0.0
2005,30,M,0.0
2006,41,F,1.0
2007,41,M,2.0
2008,47,M,3.0
2009,12,M,4.0
2010,37,M,2.0
2011,46,F,4.0
2012,46,M,4.0
2013,1,F,3.0
2015,1,F,1.0
2016,55,M,4.0
2017,55,F,4.0
2018,56,F,3.0
2019,73,M,4.0
2020,73,F,4.0
2021,67,M,4.0
2022,56,M,3.0
2023,56,F,4.0
2024,62,M,4.0
2025,39,M,3.0
2026,39,F,4.0
2027,12,M,4.0
2028,12,F,4.0
2029,5,F,4.0
2030,5,F,0.0
2031,54,M,4.0
2032,1,M,3.0
2033,1,F,4.0
2034,13,M,4.0
2035,13,F,4.0
2037,69,F,3.0
2038,1,F,0.0
2039,68,F,1.0
2040,59,M,3.0
2041,68,M,2.0
2042,49,M,0.0
2043,77,F,2.0
2044,32,F,1.0
2045,28,M,2.0
2046,28,F,2.0
2047,11,F,3.0
2048,23,F,4.0
2049,70,M,4.0
2050,70,F,4.0
2051,74,F,4.0
2052,74,M,4.0
2053,16,M,4.0
2054,48,M,2.0
2055,56,F,0.0
2056,1,M,0.0
2057,6,F,0.0
2058,76,M,1.0
2059,43,M,0.0
2060,43,F,1.0
2061,63,M,2.0
2062,63,F,2.0
2063,68,F,2.0
2064,53,M,4.0
2065,64,M,0.0
2066,1,M,0.0
2067,56,M,0.0
2068,72,F,4.0
2069,70,F,4.0
2070,70,F,0.0
2071,1,M,0.0
2072,75,F,3.0
2073,22,M,2.0
2074,24,F,1.0
2075,74,M,4.0
2076,63,F,2.0
2077,44,F,4.0
2078,10,F,0.0
2079,72,F,4.0
2080,60,M,1.0
2081,46,F,0.0
2082,67,M,4.0
2083,71,M,3.0
2084,1,F,4.0
2085,1,M,4.0
2086,35,F,2.0
2087,68,M,0.0
2088,32,F,3.0
2089,70,F,1.0
2090,70,M,1.0
2091,48,F,4.0
2092,72,M,3.0
2093,48,M,1.0
2094,48,F,0.0
2095,9,M,0.0
2096,74,F,0.0
2097,53,M,4.0
2098,53,F,3.0
2099,1,M,4.0
2100,33,F,4.0
2101,33,M,4.0
2102,51,M,3.0
2103,18,F,3.0
2104,37,M,3.0
2105,42,F,3.0
2106,74,F,4.0
2107,74,M,4.0
2108,77,F,3.0
2109,15,F,2.0
2110,3,F,1.0
2111,57,F,4.0
2112,21,M,4.0
2113,68,M,4.0
2114,51,M,4.0
2115,51,F,4.0
2116,76,M,4.0
2117,53,M,3.0
2118,1,M,1.0
2119,30,F,2.0
2121,64,M,0.0
2122,1,F,1.0
2123,53,M,0.0
2124,68,F,2.0
2125,71,M,0.0
2126,52,F,0.0
2128,38,F,2.0
2129,75,M,1.0
2130,21,F,3.0
2131,39,F,0.0
2132,39,M,1.0
2133,53,F,4.0
2134,53,M,4.0
2135,24,F,3.0
2136,28,F,3.0
2137,73,F,1.0
2138,68,M,0.0
2139,18,F,4.0
2140,18,M,4.0
2141,28,M,2.0
2142,21,F,3.0
2143,21,M,3.0
2144,15,F,2.0
2145,39,F,1.0
2146,65,M,0.0
2147,69,F,1.0
2148,31,F,2.0
2149,33,F,4.0
2150,61,M,3.0
2151,61,F,3.0
2152,17,F,4.0
2153,36,F,2.0
2154,60,F,2.0
2155,15,M,2.0
2156,33,F,1.0
2157,11,M,3.0
2158,10,M,0.0
2159,74,F,4.0
2160,70,M,3.0
2161,1,F,4.0
2162,1,M,4.0
2163,52,M,4.0
2164,47,M,3.0
2165,47,F,3.0
2166,30,F,3.0
2167,1,M,0.0
2168,46,F,1.0
2169,46,M,1.0
2170,70,M,3.0
2171,1,M,2.0
2172,7,F,4.0
2173,56,F,2.0
2174,74,F,2.0
2175,53,F,3.0
2176,18,M,3.0
2177,24,F,3.0
2178,46,M,3.0
2179,9,F,3.0
2180,51,F,0.0
2181,46,M,1.0
2182,75,F,4.0
2183,75,M,4.0
2184,24,M,1.0
2185,20,F,2.0
2186,48,F,3.0
2187,40,M,4.0
2188,40,F,4.0
2189,21,F,1.0
2190,28,M,0.0
2191,28,F,0.0
2192,1,F,2.0
2193,1,M,2.0
2194,50,F,1.0
2195,68,F,3.0
2196,31,F,2.0
2197,47,F,1.0
2198,17,F,4.0
2199,17,M,4.0
2200,66,M,2.0
2201,44,M,4.0
2202,44,F,4.0
2203,10,M,3.0
2204,54,F,3.0
2205,55,M,2.0
2206,10,F,1.0
2207,70,F,1.0
2208,70,M,2.0
2209,30,F,4.0
2210,30,M,4.0
2211,3,F,4.0
2212,52,M,0.0
2213,3,M,1.0
2214,5,M,3.0
2215,10,M,4.0
2216,1,F,0.0
2217,1,M,0.0
2218,43,M,1.0
2219,43,F,1.0
2220,20,F,2.0
2221,20,M,3.0
2222,1,F,4.0
2223,70,F,3.0
2224,54,M,4.0
2225,4,F,2.0
2226,74,F,1.0
2227,42,M,0.0
2228,43,F,3.0
2229,68,M,3.0
2230,5,M,1.0
2231,21,F,1.0
2232,36,M,1.0
2233,36,F,1.0
2235,14,F,3.0
2236,44,F,0.0
2237,47,M,2.0
2238,47,F,2.0
2239,6,F,0.0
2240,47,F,4.0
2241,47,M,4.0
2242,1,F,0.0
2243,1,M,0.0
2246,55,F,2.0
2247,35,F,0.0
2248,7,M,0.0
2249,32,F,3.0
2250,34,F,3.0
2251,26,F,1.0
2252,37,M,1.0
2253,37,F,2.0
2254,72,F,4.0
2255,50,F,4.0
2256,70,M,0.0
2257,62,F,0.0
2258,62,M,0.0
2259,19,F,2.0
2260,62,F,1.0
2261,62,M,2.0
2263,1,M,4.0
2264,4,M,3.0
2265,52,M,0.0
2266,16,M,3.0
2267,1,F,1.0
2268,10,M,3.0
2269,48,F,1.0
2270,61,F,2.0
2271,61,M,1.0
2274,9,M,1.0
2275,9,F,1.0
2276,44,F,4.0
2277,1,M,0.0
2278,76,M,4.0
2279,52,M,2.0
2280,10,F,0.0
2281,76,F,0.0
2282,60,M,0.0
2283,1,M,1.0
2286,54,F,1.0
2287,47,M,0.0
2288,32,F,2.0
2289,32,M,2.0
2290,31,F,2.0
2291,6,M,2.0
2292,59,M,4.0
2293,1,M,1.0
2294,32,F,2.0
2295,22,F,3.0
2296,22,M,3.0
2297,48,M,1.0
2298,48,F,1.0
2299,6,F,3.0
2300,35,F,1.0
2301,35,M,1.0
2302,74,M,2.0
2303,61,F,3.0
2304,61,M,3.0
2305,70,F,2.0
2306,70,M,3.0
2307,26,M,4.0
2308,27,F,0.0
2309,15,F,0.0
2310,40,M,3.0
2311,40,F,4.0
2312,11,F,0.0
2313,70,M,0.0
2314,34,F,2.0
2315,34,M,1.0
2316,1,M,1.0
2317,1,M,0.0
2318,20,F,4.0
2319,40,F,1.0
2320,60,M,2.0
2321,68,F,1.0
2322,15,M,4.0
2323,48,F,3.0
2324,27,M,0.0
2325,2,F,2.0
2326,72,F,3.0
2327,73,M,4.0
2328,24,M,1.0
2329,18,M,0.0
2330,40,F,3.0
2331,42,F,2.0
2332,60,F,2.0
2333,60,M,2.0
2335,66,F,4.0
2336,12,M,4.0
2337,12,F,4.0
2338,58,F,2.0
2339,58,M,2.0
2340,42,M,2.0
2341,42,F,3.0
2342,70,M,2.0
2343,1,M,2.0
2344,3,F,4.0
2345,33,M,3.0
2346,33,F,3.0
2347,35,F,3.0
2348,35,M,4.0
2349,46,F,1.0
2350,46,M,1.0
2351,38,M,1.0
2352,70,F,0.0
2353,4,F,4.0
2354,1,M,1.0
2355,6,F,3.0
2356,52,M,4.0
2357,52,F,4.0
2358,74,F,3.0
2359,74,M,2.0
2361,9,M,1.0
2362,9,F,0.0
2363,43,M,3.0
2364,56,F,1.0
2365,46,F,2.0
2366,35,M,4.0
2367,35,F,4.0
2368,64,F,3.0
2369,64,M,3.0
2370,41,F,2.0
2371,70,F,2.0
2372,23,F,1.0
2373,15,M,2.0
2374,9,M,1.0
2375,72,F,1.0
2376,72,M,1.0
2377,49,M,2.0
2378,63,F,2.0
2379,33,F,1.0
2380,40,M,4.0
2381,40,F,4.0
2382,62,F,4.0
2383,31,F,3.0
2384,31,M,3.0
2385,13,M,4.0
2386,13,F,4.0
2387,77,F,3.0
2388,42,M,1.0
2389,25,M,4.0
2390,57,M,4.0
2391,1,M,3.0
2392,26,M,2.0
2393,16,F,0.0
2394,5,M,1.0
2395,8,M,2.0
2396,41,F,2.0
2397,46,M,4.0
2398,71,F,2.0
2399,42,F,3.0
2400,19,M,2.0
2401,26,F,3.0
2402,41,M,3.0
2403,1,F,1.0
2404,27,F,0.0
2405,27,M,0.0
2406,49,F,2.0
2407,51,M,0.0
2408,6,F,3.0
2409,54,M,1.0
2410,73,F,0.0
2411,73,M,1.0
2412,20,M,0.0
2413,46,M,1.0
2414,54,F,2.0
2415,54,M,2.0
2416,72,F,2.0
2417,48,F,4.0
2418,1,F,2.0
2419,1,F,2.0
2420,48,F,0.0
2421,48,M,1.0
2422,68,F,0.0
2423,42,M,2.0
2424,54,M,4.0
2425,6,F,0.0
2426,74,M,4.0
2427,74,F,4.0
2428,1,F,3.0
2429,70,M,0.0
2430,5,M,4.0
2431,75,M,1.0
2432,27,F,4.0
2433,32,M,1.0
2434,42,F,3.0
2435,16,F,3.0
2436,25,F,4.0
2437,45,M,4.0
2438,52,F,3.0
2439,52,M,3.0
2440,17,M,4.0
2441,1,M,4.0
2442,1,F,4.0
2443,75,M,2.0
2444,4,M,4.0
2445,54,M,1.0
2447,68,M,0.0
2448,68,F,1.0
2449,1,M,1.0
2450,54,F,0.0
2451,42,M,3.0
2452,64,F,2.0
2453,13,M,4.0
2454,69,F,3.0
2455,72,M,4.0
2456,72,F,4.0
2457,68,M,3.0
2458,68,F,4.0
2459,20,F,0.0
2460,19,F,1.0
2461,64,M,1.0
2462,19,M,4.0
2463,7,M,3.0
2464,30,M,3.0
2465,51,M,0.0
2467,36,F,3.0
2468,71,M,1.0
2469,54,F,2.0
2470,53,M,3.0
2471,53,F,3.0
2472,70,F,0.0
2473,20,F,0.0
2474,42,M,2.0
2475,44,F,0.0
2476,75,F,2.0
2477,75,M,2.0
2478,48,F,3.0
2479,31,F,2.0
2480,46,F,0.0
2481,6,M,3.0
2482,34,M,4.0
2483,34,F,4.0
2484,68,M,1.0
2485,20,M,4.0
2486,76,F,1.0
2487,67,F,1.0
2488,9,F,0.0
2489,64,F,0.0
2490,61,F,1.0
2491,5,F,3.0
2492,5,M,3.0
2493,1,M,1.0
2494,37,M,1.0
2495,58,F,3.0
2496,1,M,0.0
2497,34,F,1.0
2498,37,M,0.0
2499,13,M,3.0
2500,24,F,3.0
2501,70,F,3.0
2502,1,F,4.0
2503,54,F,0.0
2504,61,M,2.0
2505,25,F,2.0
2506,76,M,0.0
2507,37,F,2.0
2508,72,F,1.0
2509,72,M,1.0
2510,72,F,2.0
2511,35,F,0.0
2512,35,M,0.0
2513,41,M,3.0
2514,59,M,2.0
2515,12,M,2.0
2516,33,F,3.0
2517,18,M,4.0
2518,18,F,4.0
2519,29,F,1.0
2520,62,M,3.0
2521,55,F,3.0
2522,74,M,4.0
2523,74,F,4.0
2524,36,M,2.0
2525,36,F,2.0
2526,1,M,1.0
2527,44,F,3.0
2528,25,M,0.0
2529,70,M,3.0
2530,8,M,2.0
2531,5,F,2.0
2532,29,M,4.0
2533,40,F,4.0
2534,1,M,3.0
2535,1,M,3.0
2536,64,M,1.0
2537,73,M,2.0
2538,56,M,0.0
2539,32,F,0.0
2540,46,M,0.0
2542,3,M,3.0
2543,3,F,2.0
2545,9,F,2.0
2546,41,F,1.0
2547,48,F,2.0
2548,48,M,2.0
2549,70,F,4.0
2550,1,F,0.0
2551,70,F,3.0
2552,74,F,1.0
2553,34,M,0.0
2554,64,M,3.0
2555,42,M,1.0
2556,44,F,2.0
2557,7,M,2.0
2558,30,M,2.0
2559,8,F,1.0
2560,70,F,0.0
2561,48,M,3.0
2562,42,M,2.0
2563,74,M,1.0
2565,64,M,3.0
2566,29,F,1.0
2567,64,M,3.0
2568,64,F,4.0
2569,69,M,3.0
2570,69,F,3.0
2571,43,F,0.0
2572,1,M,2.0
2573,1,F,1.0
2574,29,F,4.0
2576,46,F,0.0
2577,70,M,4.0
2578,76,M,2.0
2579,11,F,4.0
2580,11,M,4.0
2581,52,F,2.0
2582,51,M,3.0
2583,75,M,4.0
2584,4,F,3.0
2585,75,F,1.0
2586,8,M,1.0
2587,8,F,0.0
2588,33,M,2.0
2589,21,M,1.0
2590,42,F,1.0
2591,42,M,2.0
2592,1,F,0.0
2593,1,M,0.0
2594,55,M,1.0
2596,31,M,1.0
2597,28,F,1.0
2598,28,M,1.0
2599,1,M,3.0
2600,7,F,4.0
2601,37,M,1.0
2602,37,F,1.0
2603,38,F,0.0
2604,22,M,4.0
2605,22,F,4.0
2606,31,M,3.0
2607,63,M,3.0
2608,58,F,3.0
2609,1,M,0.0
2610,1,F,0.0
2611,77,M,4.0
2612,38,M,0.0
2613,1,M,0.0
2614,72,M,3.0
2615,64,F,3.0
2616,50,M,1.0
2617,50,F,1.0
2618,17,M,3.0
2619,63,F,1.0
2620,63,M,1.0
2621,51,M,2.0
2622,71,M,0.0
2623,16,F,1.0
2625,57,M,0.0
2626,1,M,3.0
2628,1,F,4.0
2629,1,M,4.0
2630,64,F,4.0
2631,18,M,1.0
2632,18,F,1.0
2633,1,F,1.0
2635,67,F,1.0
2636,28,M,4.0
2637,64,M,4.0
2638,1,M,3.0
2639,45,F,2.0
2640,45,M,2.0
2642,22,M,0.0
2643,54,F,3.0
2644,6,F,1.0
2645,67,M,4.0
2646,63,F,4.0
2647,9,M,3.0
2648,9,F,4.0
2650,75,M,0.0
2651,75,F,1.0
2652,41,F,2.0
2653,1,M,2.0
2654,59,F,3.0
2655,44,M,1.0
2656,54,M,2.0
2657,73,M,3.0
2658,11,M,4.0
2659,46,M,3.0
2661,1,F,1.0
2662,1,M,0.0
2663,8,M,0.0
2666,47,F,4.0
2667,9,M,0.0
2668,9,F,0.0
2669,51,M,4.0
2670,45,M,4.0
2671,35,F,0.0
2672,7,F,3.0
2673,65,M,2.0
2674,65,F,2.0
2675,31,M,4.0
2676,61,M,1.0
2677,33,M,4.0
2678,33,F,4.0
2679,1,M,4.0
2680,1,F,3.0
2681,45,F,1.0
2682,45,M,0.0
2683,48,F,4.0
2684,74,F,2.0
2685,73,F,1.0
2686,19,F,2.0
2687,19,M,2.0
2688,60,F,1.0
2689,16,M,4.0
2690,58,F,0.0
2691,47,M,1.0
2692,44,M,4.0
2693,46,F,0.0
2694,15,F,4.0
2695,15,M,4.0
2696,2,M,3.0
2697,2,F,3.0
2698,31,F,1.0
2699,31,M,0.0
2700,34,M,3.0
2701,1,M,2.0
2702,7,M,4.0
2703,2,F,0.0
2704,1,F,2.0
2705,43,M,4.0
2706,3,M,1.0
2707,45,M,1.0
2708,73,M,2.0
2709,26,M,3.0
2712,25,M,2.0
2713,36,M,1.0
2714,6,F,1.0
2715,7,M,2.0
2716,25,F,1.0
2717,46,M,4.0
2718,46,F,4.0
2719,29,F,1.0
2720,1,F,2.0
2721,24,F,2.0
2724,35,M,0.0
2726,1,F,0.0
2727,1,M,1.0
2728,74,M,4.0
2729,1,M,1.0
2730,52,M,3.0
2731,38,M,4.0
2732,57,F,2.0
2733,3,F,4.0
2734,3,M,4.0
2735,64,M,4.0
2736,1,F,2.0
2738,1,M,2.0
2739,13,M,2.0
2740,36,F,1.0
2741,41,F,4.0
2742,65,F,3.0
2743,50,F,3.0
2744,50,M,3.0
2745,54,F,3.0
2746,1,M,1.0
2747,6,M,4.0
2748,6,F,4.0
2749,14,F,4.0
2750,14,M,4.0
2751,68,F,2.0
2752,48,M,1.0
2754,66,F,0.0
2755,1,F,1.0
2756,31,F,4.0
2758,1,M,3.0
2759,2,M,0.0
2760,68,F,0.0
2761,1,F,0.0
2762,29,F,2.0
2765,36,F,0.0
2766,70,M,2.0
2767,70,F,2.0
2768,1,M,1.0
2769,69,M,4.0
2770,1,M,2.0
2771,37,M,4.0
2772,37,F,4.0
2773,49,F,4.0
2774,49,M,4.0
2775,41,F,0.0
2776,31,F,4.0
2777,46,F,1.0
2778,57,M,1.0
2779,29,M,3.0
2780,29,F,3.0
2781,46,F,1.0
2782,31,M,3.0
2783,1,M,3.0
2784,36,F,2.0
2785,22,M,1.0
2786,24,M,2.0
2787,41,F,0.0
2788,49,F,2.0
2789,1,F,2.0
2790,16,M,0.0
2791,60,M,4.0
2794,18,M,1.0
2795,18,F,1.0
2796,15,M,0.0
2797,28,M,2.0
2798,65,M,4.0
2799,4,F,1.0
2800,2,M,2.0
2801,75,M,4.0
2802,1,F,1.0
2803,68,M,4.0
2804,68,F,4.0
2805,73,M,1.0
2806,58,F,2.0
2808,8,F,0.0
2809,33,M,0.0
2810,72,M,1.0
2811,1,F,3.0
2812,55,F,1.0
2813,70,M,3.0
2814,19,F,0.0
2815,35,M,4.0
2816,35,F,4.0
2817,1,F,0.0
2818,54,M,1.0
2819,8,M,0.0
2820,77,M,1.0
2821,45,F,0.0
2822,50,M,2.0
2823,70,F,3.0
2824,39,M,3.0
2825,65,M,2.0
2826,59,M,4.0
2827,63,M,4.0
2828,14,F,2.0
2829,33,F,3.0
2830,51,M,0.0
2831,68,F,0.0
2832,13,M,4.0
2833,13,F,4.0
2834,52,M,2.0
2835,27,M,1.0
2836,38,F,4.0
2837,38,M,4.0
2838,65,M,1.0
2839,72,F,4.0
2840,72,M,4.0
2841,18,F,0.0
2842,74,M,2.0
2843,70,F,1.0
2844,51,M,1.0
2845,7,M,2.0
2846,1,F,1.0
2847,34,F,3.0
2848,34,M,3.0
2849,19,M,4.0
2850,7,M,1.0
2851,54,M,3.0
2852,26,F,3.0
2853,28,F,2.0
2854,16,M,2.0
2855,16,F,2.0
2856,47,M,4.0
2857,33,M,4.0
2858,42,F,4.0
2859,68,F,4.0
2860,28,M,2.0
2862,49,F,1.0
2863,49,M,1.0
2864,51,F,2.0
2865,15,M,3.0
2866,15,F,2.0
2867,1,F,2.0
2868,14,M,4.0
2869,1,M,0.0
2870,29,M,2.0
2871,71,F,1.0
2872,77,F,4.0
2873,16,F,0.0
2874,34,M,0.0
2875,46,M,4.0
2876,1,M,0.0
2877,59,M,4.0
2878,68,M,3.0
2879,40,M,0.0
2880,60,M,2.0
2881,12,F,1.0
2882,70,M,4.0
2883,30,M,2.0
2884,40,F,2.0
2885,1,F,1.0
2886,1,M,2.0
2887,2,F,1.0
2888,1,F,0.0
2889,25,M,3.0
2890,62,M,2.0
2891,62,F,2.0
2892,3,F,3.0
2893,2,F,4.0
2894,70,F,3.0
2895,70,F,0.0
2896,1,F,0.0
2897,40,M,4.0
2898,40,F,4.0
2899,16,M,4.0
2900,18,M,4.0
2901,25,F,3.0
2902,8,F,2.0
2903,8,M,2.0
2904,64,F,3.0
2905,64,M,2.0
2906,5,M,4.0
2907,5,F,4.0
2908,1,M,1.0
2909,26,M,4.0
2910,76,M,4.0
2911,45,M,4.0
2912,45,F,4.0
2913,44,M,1.0
2915,33,F,2.0
2916,1,M,0.0
2917,16,M,3.0
2918,5,M,1.0
2919,5,F,1.0
2920,44,F,1.0
2921,64,F,0.0
2922,43,M,3.0
2923,35,F,0.0
2924,18,F,3.0
2925,18,M,3.0
2926,27,M,4.0
2927,27,F,4.0
2928,38,M,4.0
2929,1,M,2.0
2930,41,M,3.0
2932,1,F,3.0
2933,72,M,3.0
2934,72,F,3.0
2935,61,F,3.0
2936,3,F,3.0
2937,74,M,2.0
2938,8,F,4.0
2939,8,M,4.0
2940,1,M,1.0
2941,38,M,2.0
2942,67,F,1.0
2943,1,F,0.0
2944,71,F,3.0
2945,74,M,4.0
2946,74,F,4.0
2947,19,F,2.0
2948,47,M,0.0
2949,14,M,3.0
2950,46,M,3.0
2951,76,F,2.0
2952,52,F,0.0
2953,3,M,4.0
2954,38,F,2.0
2955,38,M,2.0
2956,23,M,3.0
2957,23,M,0.0
2958,48,M,0.0
2959,54,M,2.0
2960,1,M,4.0
2961,1,F,4.0
2962,1,M,4.0
2963,1,F,3.0
2964,8,M,0.0
2965,30,F,4.0
2966,65,M,2.0
2967,53,F,1.0
2968,40,M,1.0
2969,55,M,4.0
2970,55,F,4.0
2971,1,F,0.0
2972,1,M,0.0
2974,56,F,2.0
2975,33,F,3.0
2976,57,F,4.0
2977,39,M,1.0
2978,33,F,3.0
2979,4,F,1.0
2980,11,M,0.0
2981,16,F,2.0
2982,6,F,0.0
2983,6,M,1.0
2984,60,F,1.0
2985,60,M,2.0
2986,14,M,2.0
2987,14,F,3.0
2988,33,M,1.0
2989,17,F,2.0
2990,32,F,4.0
2991,32,M,3.0
2992,11,M,1.0
2994,18,M,1.0
2995,35,F,3.0
2996,1,M,1.0
2997,1,F,3.0
2998,1,M,1.0
2999,74,F,0.0
3000,41,F,4.0
3001,1,M,2.0
3002,42,F,2.0
3003,69,F,0.0
3004,69,M,1.0
3005,43,M,4.0
3006,22,F,0.0
3007,76,M,1.0
3008,73,M,4.0
3009,62,F,2.0
3010,62,M,2.0
3011,74,M,2.0
3012,70,F,2.0
3013,51,F,2.0
3014,51,M,2.0
3015,73,M,2.0
3016,40,M,0.0
3017,2,M,3.0
3018,61,M,0.0
3019,30,M,1.0
3020,32,F,3.0
3021,1,M,1.0
3022,1,F,2.0
3023,16,M,2.0
3024,60,M,4.0
3025,60,F,4.0
3026,22,M,3.0
3027,62,M,2.0
3028,34,F,4.0
3029,43,M,1.0
3030,68,F,0.0
3031,40,F,1.0
3032,40,M,2.0
3035,27,M,1.0
3036,16,F,3.0
3037,64,M,3.0
3038,6,F,3.0
3039,55,F,1.0
3041,4,F,4.0
3042,18,F,1.0
3043,63,F,2.0
3044,36,M,3.0
3045,10,F,2.0
3046,1,F,4.0
3047,45,M,0.0
3048,16,F,4.0
3049,6,M,1.0
3050,6,F,1.0
3051,65,M,4.0
3054,74,M,2.0
3055,51,M,4.0
3056,38,F,2.0
3057,38,M,1.0
3058,49,F,3.0
3059,61,M,0.0
3060,61,M,2.0
3061,61,F,1.0
3062,41,F,4.0
3063,27,M,1.0
3064,42,M,4.0
3065,24,F,4.0
3066,54,F,0.0
3067,57,F,2.0
3068,57,M,2.0
3069,21,M,3.0
3070,46,M,4.0
3071,38,F,1.0
3072,1,M,4.0
3073,1,F,4.0
3074,1,M,2.0
3075,74,M,3.0
3076,57,F,1.0
3077,50,F,4.0
3078,50,M,4.0
3079,67,M,3.0
3080,5,F,2.0
3081,5,M,3.0
3082,52,F,0.0
3083,41,M,1.0
3084,23,F,2.0
3085,62,F,3.0
3086,62,M,3.0
3087,46,F,2.0
3088,40,M,2.0
3089,46,M,0.0
3090,32,M,1.0
3091,15,F,1.0
3092,59,F,1.0
3093,35,M,1.0
3094,48,M,2.0
3095,36,M,2.0
3096,74,M,0.0
3097,48,M,3.0
3098,17,M,4.0
3099,17,M,1.0
3100,2,M,4.0
3101,1,M,3.0
3102,61,F,0.0
3103,64,F,0.0
3104,4,F,0.0
3105,68,M,3.0
3106,72,F,4.0
3107,30,M,2.0
3108,30,F,1.0
3109,7,F,4.0
3110,54,M,4.0
3111,54,F,4.0
3112,24,M,3.0
3113,60,F,1.0
3114,60,M,1.0
3115,72,M,1.0
3116,28,M,2.0
3117,62,F,3.0
3118,62,M,3.0
3119,50,F,4.0
3120,75,M,1.0
3121,57,F,2.0
3122,57,M,2.0
3123,1,M,0.0
3124,5,F,2.0
3125,10,F,4.0
3126,47,M,4.0
3127,1,F,4.0
3128,69,F,3.0
3129,5,F,3.0
3130,19,F,2.0
3131,1,F,4.0
3132,1,F,0.0
3133,31,F,0.0
3134,1,M,4.0
3135,48,M,1.0
3136,1,M,1.0
3137,70,M,3.0
3138,70,F,3.0
3139,46,F,2.0
3140,46,M,2.0
3141,9,F,4.0
3142,68,M,4.0
3143,21,F,3.0
3144,1,M,4.0
3145,1,F,4.0
3146,1,M,3.0
3147,19,F,1.0
3148,3,M,3.0
3149,3,F,4.0
3150,54,F,4.0
3151,1,F,2.0
3152,1,M,4.0
3153,26,M,4.0
3154,26,F,4.0
3155,44,F,0.0
3156,68,F,2.0
3157,1,F,3.0
3158,1,F,3.0
3159,24,M,4.0
3160,20,M,2.0
3161,66,M,0.0
3162,55,M,2.0
3163,1,F,1.0
3164,1,M,1.0
3165,3,F,0.0
3166,31,M,2.0
3167,48,F,3.0
3170,76,M,4.0
3171,76,F,4.0
3172,64,M,2.0
3173,66,F,3.0
3174,66,M,2.0
3175,64,F,2.0
3176,1,M,4.0
3177,24,M,4.0
3178,25,F,1.0
3179,45,F,3.0
3180,45,M,3.0
3181,27,M,3.0
3182,18,F,4.0
3183,70,M,0.0
3184,5,F,2.0
3185,17,F,0.0
3186,1,F,2.0
3187,7,M,2.0
3188,68,F,0.0
3190,1,F,4.0
3191,56,F,0.0
3192,6,M,3.0
3193,28,F,2.0
3194,51,F,0.0
3195,2,F,1.0
3196,72,F,0.0
3197,1,M,2.0
3198,1,F,2.0
3199,1,F,2.0
3200,1,M,2.0
3201,66,F,2.0
3202,56,M,4.0
3203,1,F,2.0
3204,1,M,2.0
3205,1,F,4.0
3206,1,M,4.0
3207,55,F,4.0
3208,27,M,3.0
3209,27,F,3.0
3210,14,M,1.0
3211,17,F,1.0
3213,1,M,3.0
3214,71,M,4.0
3215,64,F,4.0
3216,58,M,2.0
3217,61,M,0.0
3218,49,M,1.0
3219,49,F,2.0
3220,23,M,2.0
3221,23,F,2.0
3222,21,M,0.0
3225,13,M,2.0
3226,1,M,2.0
3227,59,F,2.0
3228,34,M,2.0
3229,50,M,0.0
3230,1,F,0.0
3231,21,M,1.0
3232,5,M,0.0
3233,1,M,0.0
3234,67,F,4.0
3235,46,F,2.0
3236,28,F,2.0
3239,7,F,0.0
3240,67,F,4.0
3241,26,M,4.0
3242,26,F,4.0
3243,71,F,4.0
3244,72,M,4.0
3245,70,M,2.0
3246,66,M,4.0
3247,69,F,2.0
3248,28,F,4.0
3249,17,M,2.0
3250,17,F,1.0
3251,52,F,1.0
3252,52,M,1.0
3253,70,M,3.0
3254,1,M,4.0
3255,8,F,1.0
3256,49,M,0.0
3257,73,F,0.0
3258,74,F,2.0
3259,71,M,2.0
3260,74,F,3.0
3261,74,M,2.0
3262,61,F,3.0
3264,63,F,2.0
3265,47,F,1.0
3266,47,M,2.0
3267,61,M,2.0
3268,1,F,2.0
3269,2,M,0.0
3270,12,M,3.0
3271,58,F,3.0
3272,9,F,4.0
3273,9,M,4.0
3274,26,M,4.0
3275,26,F,4.0
3276,52,M,0.0
3277,42,M,1.0
3278,42,F,1.0
3279,66,F,2.0
3280,66,M,2.0
3281,74,M,2.0
3282,29,M,0.0
3283,10,M,4.0
3284,2,M,4.0
3285,2,F,3.0
3286,74,F,0.0
3287,74,M,0.0
3288,69,M,4.0
3289,75,F,0.0
3290,11,F,1.0
3291,52,M,3.0
3292,18,M,3.0
3293,1,F,2.0
3294,52,M,2.0
3295,40,F,1.0
3296,23,M,1.0
3297,1,M,1.0
3298,5,F,3.0
3299,76,F,1.0
3300,53,M,2.0
3302,52,F,1.0
3303,52,M,1.0
3304,69,M,3.0
3305,41,F,1.0
3306,27,M,3.0
3307,14,F,0.0
3308,15,M,3.0
3309,15,F,3.0
3310,23,M,2.0
3311,51,M,2.0
3312,70,F,1.0
3313,60,F,3.0
3314,24,F,4.0
3315,24,M,4.0
3316,1,F,3.0
3317,1,M,2.0
3319,1,F,0.0
3320,1,M,0.0
3321,13,F,1.0
3322,31,M,3.0
3323,74,F,0.0
3324,26,F,1.0
3325,26,M,1.0
3326,57,F,2.0
3327,20,F,4.0
3328,24,M,1.0
3329,54,M,1.0
3330,54,F,2.0
3331,70,F,1.0
3332,46,F,1.0
3333,10,F,2.0
3334,1,M,1.0
3335,11,M,1.0
3336,64,F,2.0
3337,53,M,2.0
3338,69,F,3.0
3339,31,F,0.0
3340,54,M,0.0
3341,54,F,1.0
3342,73,M,0.0
3344,42,M,1.0
3345,37,F,3.0
3346,37,M,3.0
3347,11,M,4.0
3348,38,F,0.0
3349,42,M,1.0
3350,30,M,2.0
3351,30,F,3.0
3352,23,M,4.0
3353,23,F,4.0
3354,62,F,3.0
3355,38,M,2.0
3356,73,M,0.0
3357,63,F,2.0
3358,16,M,0.0
3359,1,M,3.0
3360,43,F,0.0
3361,40,F,4.0
3365,1,F,1.0
3366,54,F,2.0
3367,54,M,2.0
3368,14,F,2.0
3369,1,M,2.0
3370,25,M,4.0
3371,25,F,4.0
3372,1,M,1.0
3373,5,M,2.0
3374,5,F,2.0
3375,74,M,2.0
3376,11,F,3.0
3377,11,M,4.0
3378,5,M,2.0
3379,5,F,2.0
3380,74,F,0.0
3381,70,F,1.0
3382,54,M,2.0
3383,54,F,2.0
3384,41,F,3.0
3385,11,F,4.0
3386,49,F,3.0
3387,58,M,3.0
3388,53,F,1.0
3389,39,F,1.0
3390,53,F,0.0
3391,42,M,1.0
3392,1,F,0.0
3393,73,F,2.0
3394,66,F,0.0
3395,4,M,1.0
3396,18,F,0.0
3397,24,F,0.0
3398,24,M,1.0
3399,72,M,4.0
3402,74,F,2.0
3403,74,M,2.0
3404,56,F,3.0
3405,40,M,2.0
3406,40,F,3.0
3407,35,F,0.0
3408,35,M,0.0
3409,36,M,4.0
3410,54,M,1.0
3412,57,M,0.0
3413,57,F,1.0
3414,11,F,3.0
3415,54,F,0.0
3416,35,M,0.0
3417,35,F,0.0
3418,70,F,1.0
3420,66,M,0.0
3421,20,M,3.0
3422,1,F,2.0
3423,12,F,1.0
3424,64,M,4.0
3425,70,M,1.0
3426,73,M,0.0
3427,42,M,0.0
3428,42,F,0.0
3429,46,M,3.0
3430,3,M,2.0
3431,70,F,0.0
3432,15,M,0.0
3433,71,M,1.0
3434,71,F,2.0
3435,4,F,3.0
3436,30,M,2.0
3437,30,F,2.0
3438,43,M,3.0
3439,62,M,1.0
3440,1,F,4.0
3441,75,M,2.0
3443,1,F,4.0
3444,57,M,0.0
3445,17,F,0.0
3446,70,M,2.0
3447,54,F,2.0
3448,1,M,2.0
3449,27,M,4.0
3450,25,M,0.0
3451,19,M,0.0
3452,19,F,0.0
3453,56,M,2.0
3454,11,F,2.0
3455,11,M,2.0
3456,54,F,3.0
3457,75,F,4.0
3458,33,M,2.0
3459,14,F,1.0
3460,14,M,1.0
3461,54,M,2.0
3462,54,F,1.0
3463,1,F,0.0
3464,43,M,2.0
3465,30,M,3.0
3466,1,F,4.0
3467,1,M,3.0
3468,68,F,4.0
3469,1,F,0.0
3470,52,F,4.0
3471,1,F,2.0
3472,70,F,3.0
3473,70,M,3.0
3474,32,F,2.0
3475,19,M,2.0
3476,60,F,1.0
3477,37,M,1.0
3478,1,M,4.0
3479,1,F,4.0
3480,15,F,2.0
3481,15,M,2.0
3482,71,F,3.0
3483,70,M,3.0
3484,44,M,0.0
3485,77,M,4.0
3486,77,M,1.0
3487,1,M,2.0
3488,1,M,2.0
3489,76,M,1.0
3490,19,M,4.0
3491,19,F,4.0
3492,8,F,1.0
3493,69,F,1.0
3494,42,M,1.0
3495,64,F,3.0
3496,64,M,2.0
3497,39,F,1.0
3498,77,M,4.0
3499,19,M,1.0
3500,29,M,2.0
3501,51,M,1.0
3502,54,M,2.0
3503,54,F,2.0
3504,40,M,2.0
3505,20,M,0.0
3506,1,F,1.0
3507,32,F,3.0
3508,38,M,1.0
3509,38,F,1.0
3510,13,M,3.0
3511,74,M,1.0
3512,49,M,3.0
3513,70,M,4.0
3514,70,F,4.0
3515,61,F,0.0
3516,58,F,1.0
3517,68,F,2.0
3518,33,F,2.0
3519,74,M,2.0
3520,8,F,4.0
3521,4,M,1.0
3522,57,M,1.0
3523,6,M,1.0
3524,68,F,3.0
3525,15,M,0.0
3526,15,F,0.0
3527,77,M,0.0
3528,73,F,1.0
3529,54,M,0.0
3530,16,F,1.0
3531,43,M,4.0
3532,56,M,4.0
3533,1,F,1.0
3534,50,F,1.0
3535,37,M,0.0
3536,55,M,4.0
3537,51,M,3.0
3538,1,F,3.0
3539,36,M,4.0
3540,51,M,4.0
3541,51,F,4.0
3542,10,M,3.0
3543,10,F,3.0
3544,1,F,1.0
3545,68,M,1.0
3546,3,M,1.0
3547,1,F,4.0
3548,1,M,0.0
3549,5,F,4.0
3550,54,F,1.0
3552,44,M,3.0
3554,22,F,1.0
3555,22,M,1.0
3556,6,M,4.0
3557,6,F,4.0
3558,54,F,4.0
3559,57,F,3.0
3560,57,M,3.0
3562,1,M,4.0
3563,1,F,4.0
3564,62,M,3.0
3565,44,M,1.0
3566,65,F,4.0
3567,1,M,3.0
3568,1,M,3.0
3569,67,M,4.0
3570,15,F,3.0
3571,25,M,1.0
3572,48,F,4.0
3573,8,F,0.0
3574,19,F,3.0
3575,9,F,4.0
3576,1,F,3.0
3577,31,F,3.0
3578,72,M,4.0
3579,72,F,4.0
3580,6,F,4.0
3581,33,M,1.0
3582,38,M,2.0
3583,15,F,3.0
3584,15,M,3.0
3585,29,F,1.0
3586,60,M,3.0
3587,60,F,3.0
3588,76,F,2.0
3589,73,F,1.0
3590,23,F,0.0
3591,74,M,4.0
3592,74,F,4.0
3594,13,F,1.0
3595,28,M,1.0
3596,74,M,0.0
3597,10,F,4.0
3598,66,M,4.0
3599,66,F,4.0
3600,46,F,3.0
3601,19,M,4.0
3602,19,F,3.0
3603,42,M,2.0
3605,71,M,4.0
3606,63,M,2.0
3607,18,F,3.0
3608,66,M,3.0
3609,66,F,2.0
3610,36,M,4.0
3611,30,F,0.0
3612,19,F,1.0
3613,19,M,1.0
3614,43,F,1.0
3615,1,M,0.0
3616,77,F,1.0
3617,51,F,2.0
3618,54,M,2.0
3619,40,M,2.0
3620,21,M,4.0
3621,66,M,3.0
3622,66,F,4.0
3623,28,F,1.0
3624,1,F,0.0
3627,18,F,0.0
3628,11,F,4.0
3629,42,M,3.0
3630,64,F,4.0
3631,64,M,4.0
3632,15,F,3.0
3633,72,M,4.0
3634,1,M,4.0
3635,1,F,4.0
3636,46,M,0.0
3637,64,M,2.0
3638,49,F,3.0
3639,73,M,4.0
3640,75,M,0.0
3641,75,F,0.0
3642,19,M,1.0
3643,26,M,0.0
3644,75,M,2.0
3645,34,M,0.0
3646,33,F,3.0
3647,33,M,3.0
3648,3,M,0.0
3649,10,F,2.0
3650,64,M,4.0
3651,35,M,4.0
3652,1,M,4.0
3653,1,F,4.0
3654,25,F,4.0
3655,59,M,1.0
3656,62,F,4.0
3657,62,M,4.0
3658,58,M,4.0
3659,42,F,4.0
3660,65,M,0.0
3661,51,M,4.0
3662,27,M,4.0
3663,69,F,3.0
3664,69,M,2.0
3667,70,M,1.0
3668,70,F,0.0
3669,10,M,1.0
3670,44,F,0.0
3671,10,M,3.0
3672,10,F,2.0
3673,1,F,2.0
3674,17,F,0.0
3675,70,M,2.0
3676,10,F,1.0
3677,10,M,2.0
3678,1,F,4.0
3679,72,M,4.0
3680,72,F,4.0
3681,1,M,4.0
3682,1,F,4.0
3683,74,F,0.0
3684,16,F,1.0
3685,74,M,0.0
3686,61,F,1.0
3687,49,M,0.0
3688,49,F,0.0
3689,9,F,0.0
3690,44,M,2.0
3691,18,M,1.0
3693,15,M,4.0
3694,15,F,4.0
3695,55,M,4.0
3696,55,F,3.0
3697,9,F,2.0
3698,44,M,1.0
3699,1,M,1.0
3700,1,F,0.0
3701,73,F,2.0
3702,76,M,2.0
3703,17,M,4.0
3704,69,M,1.0
3705,1,F,1.0
3707,74,M,3.0
3708,46,F,2.0
3709,46,M,2.0
3710,59,M,4.0
3711,25,M,1.0
3712,56,F,1.0
3713,41,F,3.0
3714,8,F,2.0
3716,74,M,2.0
3717,71,M,4.0
3718,71,F,4.0
3719,54,M,4.0
3720,54,F,4.0
3721,64,F,2.0
3722,1,F,2.0
3723,18,M,1.0
3724,57,F,4.0
3727,33,M,1.0
3728,66,M,4.0
3729,66,F,3.0
3730,59,F,3.0
3732,66,M,3.0
3733,1,F,3.0
3734,15,M,3.0
3735,18,M,4.0
3736,18,F,4.0
3737,12,M,3.0
3738,1,F,0.0
3739,3,F,2.0
3740,46,M,4.0
3741,16,M,4.0
3742,56,F,1.0
3743,56,M,2.0
3745,2,F,1.0
3746,66,M,0.0
3747,1,M,1.0
3748,59,F,4.0
3749,65,F,3.0
3750,1,M,4.0
3751,33,M,1.0
3752,33,F,1.0
3753,1,F,2.0
3754,1,F,3.0
3755,37,F,2.0
3756,12,F,1.0
3757,5,M,4.0
3758,53,F,1.0
3759,53,M,1.0
3760,18,M,2.0
3761,48,M,0.0
3762,60,F,2.0
3763,38,F,0.0
3764,38,M,0.0
3765,45,F,2.0
3766,1,F,0.0
3767,14,M,4.0
3768,14,F,3.0
3769,54,M,2.0
3770,35,F,4.0
3771,48,M,3.0
3772,48,F,4.0
3773,33,F,1.0
3774,1,M,4.0
3775,46,M,4.0
3776,74,M,0.0
3777,74,F,0.0
3779,6,M,2.0
3780,37,M,0.0
3781,17,F,0.0
3782,1,M,0.0
3783,1,F,1.0
3784,1,M,0.0
3785,66,F,4.0
3786,13,M,4.0
3787,21,F,0.0
3788,56,F,2.0
3789,66,M,1.0
3790,48,M,4.0
3791,72,M,3.0
3792,74,M,0.0
3793,39,F,2.0
3794,37,F,0.0
3795,12,M,0.0
3796,3,M,2.0
3797,3,F,2.0
3798,1,F,2.0
3799,2,M,4.0
3800,38,F,2.0
3801,38,M,3.0
3802,67,M,4.0
3803,1,M,4.0
3804,1,F,4.0
3805,68,M,3.0
3806,54,F,1.0
3807,33,F,3.0
3808,57,M,3.0
3811,6,M,2.0
3812,1,M,1.0
3813,2,F,0.0
3814,1,M,3.0
3815,28,F,1.0
3816,1,M,1.0
3817,77,F,4.0
3818,71,M,3.0
3819,71,F,4.0
3821,22,M,3.0
3822,48,M,2.0
3823,63,M,2.0
3824,41,M,1.0
3825,41,F,1.0
3826,33,M,4.0
3827,33,F,4.0
3829,59,M,0.0
3830,18,F,1.0
3831,11,M,4.0
3832,11,F,4.0
3833,19,M,4.0
3834,1,F,0.0
3835,50,F,4.0
3836,77,M,2.0
3837,39,F,4.0
3838,65,M,4.0
3839,65,F,4.0
3840,50,F,4.0
3841,26,M,4.0
3842,74,M,0.0
3843,4,F,3.0
3844,71,F,1.0
3845,1,M,2.0
3846,27,F,0.0
3847,6,F,2.0
3848,45,F,4.0
3849,1,F,4.0
3850,45,F,2.0
3851,45,M,1.0
3852,10,F,2.0
3853,59,F,0.0
3854,24,M,2.0
3855,29,M,3.0
3856,1,F,3.0
3857,72,F,2.0
3858,18,F,3.0
3859,18,M,3.0
3860,74,M,4.0
3861,11,F,2.0
3862,40,F,3.0
3863,1,F,3.0
3864,1,M,4.0
3865,75,M,0.0
3866,75,F,0.0
3868,66,M,1.0
3869,17,F,3.0
3870,4,F,1.0
3871,4,M,0.0
3872,8,M,4.0
3873,23,F,1.0
3874,61,F,3.0
3875,1,F,4.0
3876,1,M,4.0
3877,38,F,2.0
3880,29,F,1.0
3881,45,F,3.0
3882,45,M,3.0
3883,18,M,1.0
3884,72,M,1.0
3885,70,F,3.0
3886,8,F,1.0
3887,67,M,4.0
3888,67,F,4.0
3890,3,M,2.0
3891,75,M,2.0
3892,1,M,0.0
3893,1,M,1.0
3894,29,M,3.0
3895,29,F,3.0
3896,5,M,4.0
3897,16,F,2.0
3898,57,F,3.0
3899,55,F,4.0
3900,55,M,3.0
3901,55,F,2.0
3902,65,F,2.0
3903,1,F,3.0
3904,29,F,3.0
3905,29,M,4.0
3906,64,M,4.0
3907,1,F,2.0
3908,73,M,4.0
3909,73,F,4.0
3910,37,F,4.0
3911,31,F,2.0
3912,1,F,3.0
3913,8,M,2.0
3914,52,F,4.0
3915,20,M,0.0
3916,47,F,1.0
3917,47,M,1.0
3918,5,M,0.0
3919,35,M,3.0
3920,44,F,4.0
3921,28,F,2.0
3922,1,F,4.0
3923,1,M,4.0
3924,56,M,1.0
3925,45,F,4.0
3926,54,M,0.0
3927,61,F,3.0
3928,77,F,4.0
3929,74,M,2.0
3930,1,M,4.0
3931,1,F,4.0
3932,59,M,3.0
3933,59,F,3.0
3934,12,M,1.0
3935,71,M,3.0
3936,36,F,1.0
3937,36,M,1.0
3938,27,M,0.0
3939,40,M,2.0
3942,53,M,2.0
3943,1,M,3.0
3944,8,M,4.0
3945,8,F,4.0
3946,1,M,0.0
3947,23,M,1.0
3948,44,F,0.0
3949,44,M,0.0
3950,38,M,4.0
3951,38,F,4.0
3952,52,F,1.0
3953,14,F,4.0
3954,64,M,2.0
3955,64,F,2.0
3956,21,F,0.0
3957,21,M,1.0
3958,37,F,3.0
3959,30,F,1.0
3960,8,M,1.0
3961,53,F,3.0
3962,74,M,2.0
3963,76,M,0.0
3964,74,M,3.0
3965,1,M,1.0
3966,1,F,1.0
3967,18,F,2.0
3968,18,M,2.0
3969,4,F,2.0
3970,46,F,0.0
3971,1,M,1.0
3972,1,M,4.0
3973,1,F,0.0
3974,68,M,4.0
3975,1,F,2.0
3976,43,M,1.0
3977,8,M,0.0
3978,18,M,1.0
3979,54,F,4.0
3980,1,M,2.0
3981,19,M,0.0
3982,45,F,4.0
3983,1,F,4.0
3984,1,F,1.0
3985,75,F,0.0
3987,67,M,2.0
3988,53,F,0.0
3989,53,M,0.0
3990,29,M,0.0
3991,11,M,1.0
3992,71,F,3.0
3993,14,F,0.0
3994,21,F,1.0
3995,1,F,3.0
3996,36,F,3.0
3997,13,F,4.0
3998,59,F,2.0
3999,30,F,0.0
4000,40,M,2.0
4001,69,M,2.0
4002,25,F,4.0
4003,8,M,2.0
4004,30,F,2.0
4006,25,F,0.0
4007,23,M,3.0
4008,23,F,2.0
4009,4,M,1.0
4010,4,F,3.0
4011,62,F,2.0
4012,56,F,2.0
4013,1,F,2.0
4014,17,M,0.0
4015,65,F,0.0
4016,13,F,1.0
4017,13,M,1.0
4018,3,F,0.0
4019,11,M,3.0
4020,45,F,2.0
4021,45,M,2.0
4022,1,M,4.0
4023,1,F,4.0
4024,3,M,1.0
4025,3,F,1.0
4026,76,F,3.0
4027,16,F,1.0
4028,16,M,1.0
4029,17,M,1.0
4030,44,F,0.0
4031,67,M,0.0
4032,35,F,1.0
4033,51,M,4.0
4034,58,M,4.0
4035,58,F,4.0
4036,25,F,0.0
4037,1,F,1.0
4040,59,F,1.0
4041,59,M,2.0
4042,1,M,3.0
4043,70,F,2.0
4044,44,F,4.0
4046,1,F,3.0
4047,1,M,4.0
4048,4,M,4.0
4049,4,M,3.0
4050,47,M,2.0
4051,74,M,2.0
4052,74,F,2.0
4053,70,F,4.0
4054,72,F,2.0
4055,74,F,2.0
4056,63,F,2.0
4057,70,F,4.0
4059,54,M,4.0
4060,44,F,2.0
4061,8,M,0.0
4062,71,M,2.0
4063,61,F,1.0
4064,61,M,0.0
4065,73,M,3.0
4066,30,F,4.0
4067,21,F,2.0
4068,11,M,4.0
4069,68,M,2.0
4070,68,F,2.0
4071,45,F,3.0
4072,45,M,3.0
4073,24,M,2.0
4074,24,F,2.0
4075,8,F,3.0
4076,49,M,1.0
4077,68,F,2.0
4078,23,M,2.0
4079,27,M,2.0
4080,21,F,3.0
4081,9,M,0.0
4082,58,F,1.0
4083,74,F,1.0
4084,55,M,2.0
4085,55,F,2.0
4086,63,F,3.0
4087,64,F,3.0
4088,68,F,2.0
4089,68,M,3.0
4090,23,M,1.0
4091,29,F,0.0
4092,14,F,4.0
4093,1,M,3.0
4094,2,M,0.0
4095,25,M,0.0
4096,25,F,0.0
4098,13,M,4.0
4099,12,F,3.0
4100,74,M,2.0
4101,1,F,1.0
4102,4,F,1.0
4103,4,M,1.0
4104,23,M,4.0
4105,16,F,0.0
4106,1,M,4.0
4107,49,M,2.0
4108,43,F,4.0
4109,63,M,2.0
4112,38,M,0.0
4113,76,F,3.0
4114,63,M,1.0
4115,33,M,3.0
4116,36,M,4.0
4117,53,F,4.0
4118,28,M,0.0
4119,62,F,1.0
4120,62,M,1.0
4121,23,M,4.0
4122,39,M,1.0
4123,39,F,1.0
4124,19,F,1.0
4125,31,F,4.0
4126,74,M,0.0
4127,74,F,1.0
4129,75,F,2.0
4131,48,M,0.0
4132,42,M,1.0
4133,42,F,1.0
4134,1,F,2.0
4136,31,M,2.0
4137,21,M,2.0
4138,11,F,1.0
4139,74,M,1.0
4140,70,M,1.0
4141,9,M,1.0
4142,36,M,2.0
4143,27,M,2.0
4144,27,F,2.0
4145,73,F,4.0
4146,9,F,2.0
4147,64,M,0.0
4148,64,F,1.0
4149,1,M,0.0
4150,1,F,0.0
4151,73,F,4.0
4152,73,M,4.0
4153,32,M,2.0
4154,32,F,2.0
4155,1,M,4.0
4156,5,F,1.0
4157,1,M,0.0
4158,35,F,4.0
4159,35,M,4.0
4160,16,F,1.0
4161,22,F,0.0
4163,4,M,2.0
4164,45,F,4.0
4165,53,M,2.0
4166,1,M,3.0
4167,6,F,2.0
4169,58,F,0.0
4170,58,M,0.0
4171,1,M,0.0
4172,1,F,3.0
4173,52,F,0.0
4174,63,M,4.0
4175,13,F,1.0
4176,32,M,4.0
4177,34,M,4.0
4178,32,M,4.0
4179,54,M,4.0
4180,63,M,4.0
4181,76,F,1.0
4182,16,M,3.0
4183,16,F,3.0
4184,8,F,0.0
4185,51,F,1.0
4186,38,M,0.0
4187,25,F,1.0
4188,1,M,0.0
4189,64,M,3.0
4190,17,M,3.0
4191,32,F,2.0
4192,72,M,4.0
4193,8,F,4.0
4194,63,F,3.0
4195,63,M,3.0
4196,55,F,2.0
4198,23,F,2.0
4199,23,M,1.0
4201,3,M,0.0
4202,3,F,1.0
4203,1,F,1.0
4204,1,M,2.0
4205,30,M,4.0
4206,22,M,3.0
4207,70,M,4.0
4209,70,F,4.0
4210,40,M,0.0
4211,22,F,0.0
4212,53,M,3.0
4213,64,F,4.0
4214,64,M,4.0
4215,49,F,2.0
4217,9,F,2.0
4218,48,F,3.0
4219,51,F,3.0
4220,33,M,1.0
4221,63,F,3.0
4222,60,M,4.0
4223,54,M,1.0
4224,42,F,0.0
4225,76,M,0.0
4226,31,M,2.0
4227,51,F,1.0
4229,36,M,1.0
4230,74,F,1.0
4231,1,F,2.0
4232,70,M,1.0
4233,46,M,4.0
4234,70,F,0.0
4235,9,F,0.0
4236,42,F,1.0
4237,16,F,4.0
4238,41,F,1.0
4239,70,M,4.0
4240,46,F,2.0
4241,20,F,2.0
4242,20,M,2.0
4243,7,M,2.0
4244,68,F,4.0
4245,68,M,4.0
4246,36,F,0.0
4247,26,F,0.0
4248,9,F,0.0
4249,52,M,0.0
4250,72,F,1.0
4251,44,M,2.0
4252,44,F,2.0
4253,16,F,4.0
4254,65,M,0.0
4255,66,F,4.0
4256,70,M,2.0
4257,1,F,1.0
4258,44,F,1.0
4259,10,F,2.0
4260,12,M,1.0
4261,34,F,4.0
4262,59,F,4.0
4263,73,F,0.0
4264,74,F,1.0
4265,59,M,0.0
4266,1,F,0.0
4267,24,F,4.0
4268,24,M,4.0
4269,45,F,2.0
4270,58,F,0.0
4271,58,M,1.0
4272,42,F,0.0
4273,18,F,0.0
4274,70,F,4.0
4275,49,F,2.0
4276,74,F,0.0
4277,74,M,0.0
4278,33,M,2.0
4279,51,M,2.0
4280,55,F,3.0
4281,54,M,4.0
4282,3,M,4.0
4283,27,M,4.0
4284,68,M,3.0
4285,68,F,3.0
4286,6,F,1.0
4287,62,F,2.0
4288,70,F,3.0
4289,66,M,0.0
4290,32,M,3.0
4291,58,F,2.0
4292,72,M,2.0
4293,4,F,2.0
4294,4,M,2.0
4295,18,M,2.0
4296,57,M,4.0
4297,57,F,4.0
4298,33,M,4.0
4299,50,F,0.0
4300,1,F,0.0
4301,14,F,2.0
4302,30,F,3.0
4303,21,F,0.0
4304,5,F,3.0
4305,40,F,3.0
4306,40,M,3.0
4307,1,M,0.0
4308,44,F,1.0
4309,39,F,0.0
4310,65,F,4.0
4311,59,M,0.0
4312,72,F,0.0
4313,53,F,1.0
4314,58,F,4.0
4315,74,F,2.0
4316,1,F,3.0
4317,53,F,0.0
4318,43,F,3.0
4319,43,M,3.0
4320,66,F,2.0
4321,19,F,0.0
4322,19,M,1.0
4323,40,M,4.0
4324,40,F,4.0
4325,55,M,3.0
4326,1,M,4.0
4327,1,F,4.0
4328,59,F,0.0
4329,64,F,3.0
4330,33,M,4.0
4331,5,M,2.0
4332,57,M,4.0
4333,1,M,2.0
4334,1,F,2.0
4335,54,F,4.0
4336,19,F,1.0
4337,48,M,1.0
4338,30,M,3.0
4339,59,F,0.0
4340,1,F,2.0
4341,76,M,1.0
4342,63,F,4.0
4343,27,F,4.0
4344,54,M,4.0
4345,18,F,0.0
4346,3,F,0.0
4347,54,F,4.0
4348,3,F,0.0
4349,1,F,2.0
4350,1,M,1.0
4352,72,M,1.0
4353,28,F,0.0
4354,28,M,0.0
4355,1,F,3.0
4358,70,M,3.0
4359,64,M,2.0
4360,19,F,1.0
4361,46,M,2.0
4362,50,M,3.0
4363,50,F,2.0
4364,22,M,0.0
4365,10,M,1.0
4367,14,M,0.0
4368,32,F,0.0
4369,53,M,1.0
4370,59,M,3.0
4371,32,M,1.0
4372,3,M,4.0
4373,51,M,2.0
4376,70,M,2.0
4377,48,M,0.0
4380,1,M,4.0
4381,56,M,2.0
4382,18,M,0.0
4383,21,M,1.0
4384,10,F,0.0
4385,21,F,0.0
4386,53,F,3.0
4387,52,M,3.0
4388,4,F,4.0
4389,10,F,4.0
4390,7,F,0.0
4393,1,F,3.0
4394,64,F,0.0
4395,36,F,2.0
4396,63,F,0.0
4397,63,M,0.0
4398,77,M,2.0
4399,61,F,1.0
4400,54,F,2.0
4401,8,M,1.0
4402,23,M,4.0
4403,36,F,4.0
4404,31,F,2.0
4405,47,F,2.0
4406,1,M,2.0
4407,70,M,0.0
4408,62,M,4.0
4409,62,F,4.0
4410,24,F,0.0
4411,54,M,2.0
4412,54,F,2.0
4413,74,M,0.0
4414,50,M,4.0
4415,4,M,0.0
4416,67,M,1.0
4417,1,M,0.0
4418,28,M,1.0
4420,55,M,2.0
4421,1,F,3.0
4422,76,F,3.0
4423,27,M,4.0
4424,21,M,4.0
4425,21,F,4.0
4426,26,F,1.0
4427,30,M,3.0
4428,38,M,2.0
4429,64,M,3.0
4430,64,F,4.0
4431,58,M,4.0
4432,1,F,1.0
4433,1,M,1.0
4434,64,M,1.0
4435,64,F,1.0
4436,27,M,4.0
4437,70,F,1.0
4438,70,M,2.0
4439,70,M,0.0
4440,33,M,2.0
4441,33,F,3.0
4442,23,F,4.0
4444,77,M,1.0
4445,77,F,1.0
4446,71,F,2.0
4447,71,M,2.0
4448,72,F,3.0
4449,8,M,2.0
4450,67,F,2.0
4451,50,F,4.0
4452,70,F,4.0
4453,61,F,0.0
4454,61,M,0.0
4455,70,M,0.0
4456,30,M,4.0
4457,1,M,3.0
4458,22,F,2.0
4459,1,F,1.0
4460,1,M,2.0
4461,54,F,2.0
4462,1,M,0.0
4463,76,M,4.0
4464,53,M,1.0
4465,74,M,4.0
4466,75,F,4.0
4467,20,F,3.0
4468,20,M,3.0
4469,8,F,0.0
4471,64,F,0.0
4472,74,M,1.0
4473,1,M,3.0
4474,3,F,1.0
4476,3,M,4.0
4477,74,M,2.0
4478,74,F,2.0
4479,2,F,2.0
4480,74,M,1.0
4481,1,M,0.0
4482,56,M,0.0
4483,63,F,1.0
4484,37,M,2.0
4485,36,M,4.0
4486,36,F,4.0
4487,22,M,0.0
4488,22,F,1.0
4489,76,M,3.0
4490,76,F,2.0
4491,2,F,0.0
4492,16,F,1.0
4493,33,M,3.0
4494,54,M,2.0
4495,66,M,0.0
4496,10,M,1.0
4497,10,F,1.0
4498,31,M,4.0
4499,31,F,4.0
4500,17,M,4.0
4501,70,F,3.0
4502,21,M,4.0
4503,21,F,4.0
4504,33,F,1.0
4505,33,M,1.0
4506,11,F,2.0
4507,1,M,1.0
4508,54,M,4.0
4509,54,F,4.0
4510,34,F,3.0
4511,51,F,3.0
4512,1,M,1.0
4514,65,M,3.0
4515,59,F,4.0
4516,1,F,1.0
4518,39,F,2.0
4519,70,F,2.0
4520,1,F,2.0
4521,1,M,3.0
4522,68,F,2.0
4523,68,M,2.0
4524,77,M,2.0
4525,77,F,1.0
4526,70,F,1.0
4527,1,F,1.0
4528,28,M,4.0
4529,37,M,0.0
4530,37,F,0.0
4531,64,F,1.0
4532,39,M,2.0
4533,64,M,0.0
4534,38,M,2.0
4535,1,F,4.0
4536,41,M,3.0
4539,55,M,3.0
4540,69,M,4.0
4541,32,F,1.0
4542,29,M,2.0
4543,1,M,3.0
4544,52,F,2.0
4545,3,F,4.0
4546,23,F,2.0
4547,9,F,3.0
4548,7,M,2.0
4549,10,F,4.0
4550,72,F,3.0
4551,60,M,4.0
4552,60,F,4.0
4553,1,F,3.0
4554,70,M,4.0
4555,52,M,2.0
4556,74,M,1.0
4557,44,F,4.0
4558,44,M,4.0
4559,35,F,2.0
4560,9,M,1.0
4561,40,F,1.0
4562,25,M,1.0
4563,10,F,1.0
4564,10,M,0.0
4565,14,M,3.0
4567,70,M,4.0
4568,70,M,0.0
4569,6,F,1.0
4570,1,F,3.0
4571,1,M,1.0
4572,28,F,4.0
4573,5,F,2.0
4574,20,F,1.0
4575,36,F,1.0
4576,53,M,2.0
4577,64,F,2.0
4578,15,M,0.0
4579,74,F,3.0
4580,30,F,3.0
4581,1,F,2.0
4582,44,M,4.0
4583,61,F,3.0
4584,7,F,2.0
4585,9,F,3.0
4586,9,M,2.0
4587,36,F,0.0
4588,53,F,0.0
4589,2,F,0.0
4590,1,M,4.0
4591,43,M,4.0
4592,1,F,2.0
4593,72,M,4.0
4594,1,M,3.0
4595,1,F,3.0
4596,74,F,0.0
4597,1,F,2.0
4598,25,F,3.0
4599,25,M,3.0
4600,70,M,1.0
4601,1,M,4.0
4602,1,F,4.0
4603,69,F,3.0
4604,67,M,1.0
4605,18,F,0.0
4606,8,M,4.0
4607,74,F,0.0
4608,41,M,3.0
4609,7,F,0.0
4610,34,F,1.0
4611,1,F,2.0
4612,44,F,2.0
4615,56,M,2.0
4617,45,M,0.0
4618,45,F,0.0
4619,77,F,3.0
4620,54,F,3.0
4621,54,M,3.0
4622,50,F,0.0
4623,68,M,1.0
4624,48,F,1.0
4625,48,M,1.0
4626,3,F,3.0
4627,1,M,3.0
4628,1,F,4.0
4629,76,M,4.0
4630,76,F,4.0
4631,8,F,4.0
4632,1,M,4.0
4633,62,F,0.0
4634,67,F,3.0
4635,67,M,4.0
4636,48,M,0.0
4637,61,M,1.0
4638,33,F,1.0
4639,20,M,0.0
4640,75,F,2.0
4641,33,M,2.0
4642,33,F,2.0
4643,1,F,1.0
4644,20,M,4.0
4647,8,M,0.0
4648,33,M,1.0
4649,45,F,4.0
4650,54,F,1.0
4651,2,M,0.0
4652,53,M,1.0
4653,4,F,3.0
4654,2,F,2.0
4655,2,M,3.0
4656,1,M,3.0
4657,15,M,3.0
4658,33,M,4.0
4659,50,F,2.0
4660,60,F,0.0
4661,1,F,3.0
4662,1,F,4.0
4663,72,M,3.0
4664,38,M,4.0
4665,9,F,4.0
4666,9,M,4.0
4667,25,M,3.0
4668,25,F,4.0
4670,51,F,1.0
4671,51,M,0.0
4672,44,M,2.0
4673,69,M,2.0
4674,59,F,0.0
4675,23,M,0.0
4677,3,F,4.0
4678,21,M,1.0
4679,20,M,3.0
4680,72,F,0.0
4681,1,F,2.0
4682,1,M,2.0
4683,51,M,2.0
4684,1,F,2.0
4685,62,M,1.0
4686,39,M,3.0
4687,16,F,3.0
4688,16,M,3.0
4689,50,M,1.0
4690,66,F,1.0
4691,66,M,1.0
4692,76,F,2.0
4693,42,M,3.0
4694,42,F,3.0
4695,52,M,4.0
4696,52,F,4.0
4697,27,F,2.0
4698,45,M,1.0
4699,13,F,1.0
4700,70,F,4.0
4701,22,M,3.0
4704,12,F,2.0
4705,1,M,2.0
4706,58,F,3.0
4707,58,M,3.0
4708,18,M,2.0
4709,54,M,0.0
4710,52,F,1.0
4711,52,M,2.0
4712,37,F,2.0
4713,13,F,4.0
4714,13,M,4.0
4715,15,F,0.0
4716,10,F,4.0
4717,32,M,3.0
4718,2,M,4.0
4719,23,M,4.0
4720,33,F,3.0
4721,65,F,2.0
4722,8,M,0.0
4723,1,F,3.0
4724,53,F,0.0
4725,34,M,3.0
4726,34,F,2.0
4727,74,F,1.0
4728,74,M,1.0
4729,18,M,3.0
4730,68,M,4.0
4731,52,F,0.0
4732,70,M,4.0
4733,1,M,2.0
4734,72,M,4.0
4735,72,F,4.0
4736,56,F,3.0
4737,24,F,0.0
4739,37,F,2.0
4740,28,M,0.0
4741,74,F,4.0
4742,61,F,2.0
4743,61,M,2.0
4744,6,M,4.0
4745,68,F,3.0
4746,39,F,3.0
4747,76,F,4.0
4748,76,M,4.0
4749,57,F,3.0
4750,70,M,1.0
4751,35,M,0.0
4752,7,M,3.0
4753,7,F,4.0
4754,27,F,3.0
4755,71,F,2.0
4756,22,F,2.0
4757,22,M,3.0
4758,50,F,0.0
4759,50,M,0.0
4760,70,M,4.0
4761,70,F,4.0
4762,76,F,1.0
4763,77,F,3.0
4764,54,M,0.0
4765,48,M,4.0
4766,22,M,1.0
4767,26,F,4.0
4768,1,F,2.0
4769,22,F,4.0
4770,22,M,4.0
4771,64,F,1.0
4772,6,F,2.0
4773,33,F,2.0
4774,59,M,2.0
4775,59,F,3.0
4776,1,M,0.0
4777,64,F,4.0
4778,64,M,4.0
4779,52,M,0.0
4780,54,F,0.0
4781,9,F,1.0
4782,25,M,1.0
4783,31,F,0.0
4784,42,F,4.0
4785,42,M,4.0
4786,54,M,4.0
4787,36,M,1.0
4788,39,F,0.0
4789,24,F,3.0
4790,75,M,3.0
4791,51,M,4.0
4792,20,F,2.0
4793,55,F,3.0
4794,20,F,3.0
4795,74,F,4.0
4796,7,M,4.0
4797,59,F,3.0
4798,37,F,1.0
4799,75,F,3.0
4800,75,M,2.0
4801,23,M,0.0
4802,75,M,1.0
4803,45,M,3.0
4804,51,F,4.0
4805,1,F,4.0
4806,19,F,3.0
4807,25,M,2.0
4808,23,F,0.0
4809,19,M,4.0
4810,19,F,4.0
4811,77,F,1.0
4812,1,M,4.0
4813,43,M,1.0
4814,54,M,1.0
4815,15,M,1.0
4816,15,F,0.0
4817,12,M,1.0
4818,1,M,4.0
4819,62,M,1.0
4820,2,F,1.0
4821,35,F,3.0
4822,35,M,3.0
4823,7,M,0.0
4824,54,M,3.0
4826,25,F,0.0
4831,27,M,2.0
4832,56,F,2.0
4833,30,F,1.0
4836,49,M,2.0
4837,56,F,1.0
4853,58,M,3.0
4861,57,F,0.0
4862,1,F,3.0
4863,1,F,0.0
4877,45,M,2.0
4882,36,M,0.0
4886,23,M,0.0
4892,26,M,1.0
4901,72,F,2.0
4904,38,F,1.0
4906,64,F,0.0
4907,64,M,0.0
4915,40,M,1.0
4916,52,M,3.0
4918,11,M,1.0
4919,49,F,2.0
4923,66,M,1.0
4925,45,M,2.0
4927,72,F,2.0
4928,9,M,0.0
4929,74,M,3.0
4930,1,M,0.0
4937,54,F,2.0
4941,60,F,0.0
4942,38,M,2.0
4944,58,M,0.0
4949,54,M,0.0
4956,6,M,3.0
4959,77,M,0.0
4961,54,M,0.0
4968,50,M,4.0
4969,64,F,1.0
4972,70,F,0.0
4974,5,F,1.0
4975,5,M,1.0
4976,36,M,0.0
4979,7,M,4.0
4989,28,M,4.0
4992,55,F,0.0
4993,1,F,0.0
4994,1,M,0.0
5002,65,F,0.0
5010,42,F,2.0
5012,27,F,0.0
5013,1,M,0.0
5016,1,F,3.0
5028,28,M,0.0
5030,1,M,0.0
5046,1,M,4.0
5050,62,M,2.0
5056,67,F,2.0
5067,21,F,0.0
5072,1,F,0.0
5081,1,F,1.0
5093,55,F,2.0
5107,50,F,3.0
5108,50,M,3.0
5111,50,M,2.0
5117,52,M,0.0
5126,43,M,1.0
5127,33,F,0.0
5128,70,M,1.0
5132,51,M,1.0
5133,66,F,2.0
5134,58,F,1.0
5137,5,M,0.0
5138,45,F,0.0
5141,54,F,2.0
5143,77,M,0.0
5144,77,F,1.0
5145,26,F,2.0
5149,15,M,1.0
5152,43,F,0.0
5159,39,M,1.0
5163,43,F,2.0
5164,9,M,0.0
5171,64,F,2.0
5175,63,F,2.0
5180,1,M,3.0
5189,74,F,1.0
5200,33,F,2.0
5201,33,M,2.0
5203,61,F,3.0
5204,47,M,1.0
5212,72,F,3.0
5213,1,M,0.0
5214,47,M,0.0
5215,47,F,0.0
5217,74,F,3.0
5223,2,F,0.0
5224,29,M,2.0
5232,74,F,3.0
5233,66,M,1.0
5236,25,M,0.0
5237,1,M,0.0
5240,74,M,3.0
5241,63,M,0.0
5243,2,M,1.0
5245,38,F,3.0
5246,70,M,0.0
5247,47,M,3.0
5249,5,F,1.0
5253,69,F,3.0
5254,69,M,3.0
5263,1,F,1.0
5273,39,M,2.0
5275,28,M,2.0
5277,44,F,1.0
5281,73,M,3.0
5283,17,M,0.0
5284,51,F,1.0
5287,77,M,1.0
5308,41,F,0.0
5312,71,M,3.0
5313,71,F,3.0
5318,74,M,1.0
5319,74,F,1.0
5320,17,F,2.0
5321,17,M,2.0
5322,73,F,2.0
5323,14,F,0.0
5325,66,F,1.0
5326,66,M,1.0
5333,39,F,1.0
5334,48,M,4.0
5337,1,M,1.0
5338,1,F,1.0
5347,41,M,2.0
5352,40,F,0.0
5353,48,F,1.0
5354,30,F,1.0
5358,54,M,3.0
5362,47,M,3.0
5364,62,M,1.0
5365,62,F,1.0
5366,60,F,1.0
5367,60,M,0.0
5374,63,M,3.0
5376,14,M,1.0
5379,60,M,0.0
5384,73,M,4.0
5385,67,M,0.0
5389,17,M,1.0
5392,16,F,2.0
5393,4,M,2.0
5395,45,M,1.0
5397,72,F,1.0
5398,72,M,1.0
5399,24,F,0.0
5402,30,F,1.0
5404,58,F,0.0
5409,15,M,3.0
5413,33,M,3.0
5420,61,M,4.0
5433,50,M,0.0
5441,18,M,2.0
5445,69,M,2.0
5450,8,M,3.0
5460,63,M,1.0
5461,9,F,1.0
5462,9,M,1.0
5468,68,F,3.0
5469,63,F,0.0
5472,53,M,2.0
5473,70,F,1.0
5478,33,M,3.0
5487,56,F,3.0
5517,57,M,1.0
5521,9,F,0.0
5526,27,M,3.0
5527,27,F,3.0
5530,12,M,2.0
5531,4,M,0.0
5539,74,M,4.0
5563,1,M,0.0
5565,3,F,1.0
5574,9,F,1.0
5579,77,M,2.0
5580,77,F,2.0
5606,4,M,0.0
5617,56,F,2.0
5618,63,F,2.0
5642,70,F,2.0
5684,8,F,2.0
5699,73,M,2.0
5701,2,F,2.0
5704,66,F,0.0
5722,64,F,2.0
5727,54,M,2.0
5736,1,M,2.0
5753,39,M,3.0
5760,66,M,3.0
5761,66,F,3.0
5774,46,F,2.0
5775,46,M,2.0
5788,72,M,1.0
5801,26,F,0.0
5826,15,M,1.0
5827,15,F,0.0
5858,52,M,2.0
5859,52,F,3.0
5860,47,M,1.0
5866,67,F,0.0
5873,5,F,0.0
5911,14,M,4.0
5928,42,F,1.0
5965,50,M,2.0
5977,43,M,0.0
5978,33,F,3.0
6001,60,M,4.0
6015,54,M,0.0
6033,1,M,1.0
6034,20,M,3.0
6039,1,F,2.0
6040,1,M,1.0
6042,53,M,1.0
6052,40,M,2.0
6067,70,F,2.0
6077,54,F,0.0
6112,43,F,2.0
6114,66,F,3.0
6115,13,F,2.0
6122,6,F,1.0
6144,54,F,2.0
6175,72,M,1.0
6178,1,F,3.0
6183,1,M,1.0
6185,58,F,3.0
6186,58,M,2.0
6191,74,M,2.0
6196,68,M,3.0
6235,5,M,3.0
6255,54,F,3.0
6256,54,M,3.0
6257,75,F,3.0
6272,1,M,3.0
6275,13,M,2.0
6299,1,M,4.0
6301,55,F,2.0
6317,77,F,2.0
6318,77,M,2.0
6342,8,M,2.0
6349,72,M,0.0
6359,64,M,0.0
6363,4,F,0.0
6366,49,M,1.0
6367,44,M,1.0
6383,15,M,1.0
6391,34,M,2.0
6408,47,M,2.0
6417,40,M,2.0
6422,28,M,2.0
6452,64,M,3.0
6468,70,M,3.0
6469,4,M,2.0
6473,76,F,3.0
6474,76,M,4.0
6478,3,M,2.0
6481,1,F,2.0
6485,48,F,1.0
6499,44,M,1.0
6501,1,M,1.0
6511,47,M,2.0
6544,66,M,0.0
6545,66,F,0.0
6546,1,F,1.0
6551,24,F,3.0
6552,71,M,2.0
6567,5,F,0.0
6571,72,F,1.0
6604,72,M,3.0
6610,57,M,2.0
6616,1,M,2.0
6619,43,F,3.0
6644,1,F,2.0
6691,43,M,3.0
6698,43,F,2.0
6729,15,M,2.0
6731,13,M,3.0
6749,9,F,3.0
6750,9,M,3.0
6753,15,M,1.0
6764,19,M,3.0
6789,57,M,0.0
6798,61,F,3.0
6803,5,F,0.0
6804,5,M,0.0
6827,59,M,1.0
6829,10,F,1.0
6844,53,F,1.0
6886,66,F,3.0
6892,1,F,2.0
6893,1,M,3.0
6895,42,M,1.0
6906,64,M,2.0
6922,14,F,3.0
6924,17,M,1.0
6936,52,F,2.0
6944,43,M,1.0
6946,74,F,1.0
6967,44,M,2.0
6978,38,M,1.0
6987,1,M,1.0
7010,70,M,1.0
7011,70,F,1.0
7043,77,M,3.0
7065,5,F,1.0
7100,30,F,1.0
7102,75,F,1.0
7112,76,M,1.0
7127,3,M,2.0
7150,45,F,1.0
7166,15,M,1.0
7186,27,F,3.0
7195,50,M,1.0
7234,28,M,1.0
7241,57,F,2.0
7286,47,F,1.0
7291,77,F,3.0
7299,1,M,4.0
7311,56,M,2.0
7324,1,F,1.0
7325,24,M,0.0
7327,49,M,2.0
7339,19,F,0.0
7348,6,F,0.0
7366,29,F,0.0
7390,1,M,4.0
7411,54,F,1.0
7412,54,M,2.0
7422,74,M,2.0
7423,74,F,1.0
7434,34,F,3.0
7435,67,F,2.0
7521,74,F,2.0
7567,5,M,4.0
7576,38,M,1.0
7586,56,F,0.0
7594,64,F,2.0
7614,64,M,0.0
7632,1,M,3.0
7672,26,M,2.0
7678,3,M,1.0
7683,12,M,3.0
7723,48,F,1.0
7724,48,M,1.0
7727,31,F,2.0
7753,70,F,0.0
7765,1,F,2.0
7772,1,F,0.0
7787,34,M,2.0
7796,50,F,0.0
7797,50,M,1.0
7800,16,F,2.0
7814,61,F,0.0
7815,4,F,3.0
7843,6,M,1.0
7855,7,F,1.0
7862,74,M,1.0
7863,72,M,2.0
7864,34,M,4.0
7914,38,F,1.0
7959,1,F,0.0
7970,74,M,1.0
7980,16,M,0.0
8013,43,M,3.0
8030,1,M,1.0
8064,54,F,1.0
8074,61,M,2.0
8076,16,F,2.0
8089,35,M,1.0
8091,5,M,1.0
8096,38,F,0.0
8105,72,M,1.0
8130,62,F,0.0
8200,1,F,3.0
8217,69,M,0.0
8276,43,F,0.0
8287,14,M,4.0
8295,15,F,2.0
8327,48,F,3.0
8333,60,M,1.0
8342,76,M,0.0
8356,3,M,1.0
8359,74,M,0.0
8362,74,F,0.0
8366,41,F,2.0
8392,36,F,1.0
8393,36,M,1.0
8432,38,F,1.0
8433,38,M,1.0
8463,75,M,3.0
8489,75,F,2.0
8502,51,M,3.0
8506,69,F,0.0
8510,55,M,3.0
8548,57,F,3.0
8568,1,F,0.0
8571,54,M,4.0
8598,46,F,2.0
8610,55,F,3.0
8611,55,M,3.0
8615,12,F,3.0
8636,71,F,3.0
8661,1,F,2.0
8666,7,F,1.0
8667,77,F,1.0
8670,5,F,3.0
8677,49,M,2.0
8678,49,F,1.0
8692,71,F,2.0
8726,10,M,2.0
8737,17,F,3.0
8738,17,M,3.0
8764,70,F,3.0
8777,11,F,2.0
9173,1,M,3.0
9174,1,F,3.0
9196,21,F,3.0
9202,68,M,1.0
9217,19,F,3.0
9226,64,F,3.0
9231,29,F,0.0
9236,31,F,2.0
9250,1,M,1.0
9273,39,F,2.0
9274,39,M,2.0
9276,4,M,3.0
9313,9,F,2.0
9316,63,F,2.0
9340,54,M,1.0
9346,43,M,0.0
9362,56,F,0.0
9366,72,M,0.0
9370,59,M,0.0
9403,16,M,0.0
9417,21,M,2.0
9418,1,M,2.0
9419,1,F,2.0
9427,62,F,1.0
9428,62,M,1.0
9433,72,F,3.0
9450,68,F,3.0
9451,68,M,3.0
9456,40,F,3.0
9457,46,M,0.0
9458,46,F,0.0
9505,1,M,2.0
9546,50,F,2.0
9555,13,F,3.0
9569,19,F,2.0
9582,2,F,3.0
9593,74,F,1.0
9606,52,M,2.0
9611,23,M,2.0
9616,74,M,1.0
9641,64,M,3.0
9642,64,F,4.0
9663,19,M,3.0
9664,19,F,3.0
9670,38,M,3.0
9675,60,F,1.0
9680,36,M,0.0
9702,33,F,2.0
9715,35,F,0.0
9717,52,F,2.0
9718,52,M,2.0
9721,34,M,2.0
9755,23,F,2.0
9760,27,M,1.0
9775,70,M,2.0
9776,70,F,1.0
9798,69,F,2.0
9820,59,F,1.0
9833,51,M,1.0
9834,51,F,2.0
9844,55,M,3.0
9845,55,F,3.0
9846,54,F,1.0
9872,9,F,1.0
9880,10,F,1.0
9914,36,M,3.0
9915,27,M,1.0
9929,47,F,1.0
9930,9,M,0.0
9933,74,M,3.0
9945,31,F,1.0
9946,31,M,2.0
9973,24,F,3.0
9987,73,F,2.0
9995,54,M,2.0
9997,67,M,1.0
10023,59,F,0.0
10040,37,F,1.0
10041,37,M,1.0
10043,45,M,1.0
10046,5,F,3.0
10066,64,F,1.0
10070,9,M,0.0
10075,48,M,1.0
10076,26,F,1.0
10077,26,M,0.0
10090,29,F,0.0
10095,1,F,0.0
10096,1,M,0.0
10145,4,F,1.0
10159,50,M,4.0
10198,31,M,0.0
10199,31,F,0.0
10200,13,F,0.0
10201,13,M,0.0
10209,59,M,0.0
10269,70,F,3.0
10273,51,F,2.0
10274,51,M,2.0
10275,77,F,1.0
10276,77,M,0.0
10282,1,M,0.0
10287,48,F,1.0
10288,48,M,2.0
10303,64,M,1.0
10350,29,F,1.0
10351,29,M,2.0
10355,14,F,0.0
10382,20,F,1.0
10389,20,F,3.0
10459,17,F,1.0
10475,51,F,3.0
10476,51,M,2.0
10479,2,F,2.0
10492,70,M,4.0
10510,23,F,3.0
10511,23,M,2.0
10517,54,F,0.0
10528,47,F,2.0
10543,14,F,3.0
10555,1,M,4.0
10563,68,M,2.0
10564,68,F,2.0
10566,74,F,3.0
10636,64,M,1.0
10639,2,M,2.0
10654,46,F,1.0
10662,60,F,2.0
10702,17,M,4.0
10703,17,F,3.0
10714,66,F,3.0
10746,53,M,1.0
10777,70,F,0.0
10778,70,M,0.0
10798,1,F,0.0
10813,1,F,0.0
10818,64,M,0.0
10828,1,F,2.0
10912,15,M,1.0
10960,28,M,3.0
10963,1,M,3.0
10987,62,F,1.0
10988,62,M,1.0
10997,1,F,0.0
10998,1,M,1.0
11004,63,M,3.0
11008,51,F,1.0
11034,1,M,0.0
11050,70,F,2.0
11063,64,F,2.0
11064,64,M,2.0
11083,61,M,2.0
11093,40,M,2.0
11105,70,F,2.0
11114,1,M,2.0
11121,72,F,1.0
11122,72,M,0.0
11123,47,M,3.0
11126,1,F,1.0
11130,1,F,1.0
11131,1,M,2.0
11136,3,F,3.0
11147,5,F,0.0
11149,43,M,1.0
11195,58,M,2.0
11208,10,F,2.0
11250,26,F,3.0
11252,32,F,1.0
11266,9,M,4.0
11267,9,F,4.0
11271,18,M,4.0
11274,64,M,1.0
11275,64,F,1.0
11286,56,F,3.0
11304,28,F,2.0
11314,45,M,4.0
11319,1,F,3.0
11327,72,M,3.0
11329,69,F,1.0
11331,70,F,3.0
11337,29,M,1.0
11359,11,M,0.0
11360,11,F,0.0
11362,51,F,1.0
11371,37,F,3.0
11372,11,M,1.0
11379,74,M,2.0
11380,74,F,2.0
11381,57,F,0.0
11405,68,F,1.0
11406,68,M,1.0
11409,32,F,0.0
11461,70,M,0.0
11491,36,F,2.0
11497,11,F,2.0
11516,59,M,4.0
11517,59,F,3.0
11545,1,F,1.0
11574,1,F,3.0
11596,70,F,3.0
11598,54,F,0.0
11609,59,M,2.0
11637,73,M,2.0
11638,73,F,2.0
11662,76,M,0.0
11676,5,F,3.0
11683,7,M,0.0
11685,64,F,1.0
11686,21,F,3.0
11687,21,M,3.0
11701,9,M,2.0
11709,1,M,1.0
11710,1,F,1.0
11713,59,F,2.0
11714,59,M,3.0
11732,19,F,2.0
11754,62,M,1.0
11755,4,F,3.0
11768,1,F,1.0
11794,31,F,1.0
11795,31,M,0.0
11804,74,M,3.0
11851,65,M,1.0
11855,11,M,2.0
11857,70,M,2.0
11860,70,F,4.0
11866,1,M,4.0
11867,1,F,4.0
11873,38,F,1.0
11874,1,M,1.0
11875,1,F,1.0
11886,61,F,3.0
11906,76,M,3.0
11907,76,F,3.0
11911,8,M,3.0
11943,1,M,1.0
11947,70,M,1.0
11976,54,F,3.0
11977,54,M,3.0
11978,54,M,1.0
11979,54,F,0.0
12003,74,M,0.0
12050,52,M,3.0
12051,52,F,4.0
12079,64,F,0.0
12092,68,M,0.0
12095,47,M,3.0
12102,21,F,1.0
12133,27,F,1.0
12144,2,M,0.0
12145,2,F,0.0
12163,1,M,2.0
12181,1,M,1.0
12220,60,F,1.0
12221,60,M,1.0
12303,24,F,0.0
12308,64,M,0.0
12324,8,M,0.0
12325,8,M,1.0
12328,1,F,3.0
12344,26,F,3.0
12358,17,M,3.0
12359,17,F,4.0
12376,4,M,2.0
12378,76,F,3.0
12382,1,M,2.0
12383,1,F,1.0
12396,62,F,1.0
12397,62,M,0.0
12416,1,M,0.0
12417,1,F,0.0
12432,55,M,1.0
12464,39,M,2.0
12468,22,M,1.0
12485,34,F,1.0
12490,34,M,0.0
12547,70,F,1.0
12561,38,M,1.0
12568,44,F,2.0
12577,62,F,2.0
12586,27,M,3.0
12599,44,M,2.0
12616,27,F,1.0
12625,54,M,2.0
12643,69,F,1.0
12662,14,M,2.0
12695,68,M,0.0
12726,8,F,3.0
12729,36,M,1.0
12730,36,F,1.0
12738,23,F,2.0
12739,23,M,2.0
12750,21,F,3.0
12754,55,M,2.0
12755,55,F,2.0
12756,22,F,2.0
12802,1,M,1.0
12810,39,M,1.0
12840,60,M,3.0
12843,66,M,2.0
12844,45,M,3.0
12850,72,M,2.0
12851,72,F,2.0
12859,1,F,0.0
12890,70,F,2.0
12908,12,M,3.0
12943,55,M,1.0
12986,40,F,0.0
12991,51,M,3.0
13044,52,M,0.0
13051,55,M,1.0
13071,41,M,2.0
13089,16,F,0.0
13090,2,F,0.0
13095,76,M,2.0
13098,1,F,0.0
13102,8,M,2.0
13113,11,M,0.0
13123,56,F,0.0
13134,1,F,1.0
13151,73,M,2.0
13171,19,F,2.0
13172,36,M,4.0
13190,71,M,2.0
13201,31,M,4.0
13231,1,M,2.0
13246,46,F,3.0
13260,72,F,0.0
13261,75,M,3.0
13262,75,F,4.0
13276,76,M,0.0
13285,34,M,4.0
13290,16,M,3.0
13291,16,F,3.0
13346,50,M,2.0
13380,65,M,3.0
13404,48,M,1.0
13405,32,M,2.0
13406,42,F,0.0
13412,1,M,2.0
13417,25,F,2.0
13447,13,F,1.0
13448,13,M,1.0
13451,44,F,2.0
13468,25,M,2.0
13469,25,F,2.0
13480,16,M,2.0
13490,18,F,1.0
13539,63,M,0.0
13548,1,M,0.0
13556,32,M,2.0
13576,72,M,0.0
13588,46,M,0.0
13590,59,M,0.0
13603,46,M,3.0
13608,37,F,1.0
13620,16,M,1.0
13640,28,F,2.0
13657,59,F,1.0
13658,59,M,2.0
13673,39,M,1.0
13687,75,M,2.0
13690,70,M,1.0
13694,1,F,0.0
13750,12,F,0.0
13751,12,M,0.0
13803,1,M,3.0
13820,33,F,3.0
13845,15,M,0.0
13852,5,M,0.0
13886,44,F,2.0
13912,50,M,0.0
13915,77,M,0.0
13921,62,F,1.0
13923,7,F,0.0
13924,54,F,2.0
13931,8,M,3.0
13955,1,F,3.0
13956,1,M,3.0
13968,61,M,1.0
13971,67,F,1.0
13998,74,F,2.0
