account_id,balance
1,12674.5
2,27855.2
4,24957.6
6,33523.8
7,28305.4
8,42034.2
9,32849.8
10,48008.1
11,28901.6
14,24753.6
15,33578.9
18,26769.0
19,15854.0
20,12520.0
22,66615.1
23,71655.1
24,19995.1
26,29939.3
27,21179.6
29,27328.4
30,34802.4
31,39655.8
32,51449.1
33,103726.0
34,42206.5
35,15809.1
36,27092.3
39,29700.7
40,8201.4
42,27209.1
43,58259.0
44,26639.2
47,43047.1
48,30181.7
50,30449.6
51,60598.1
53,23546.6
54,14902.5
55,21703.3
56,35032.6
57,35307.6
58,23150.2
59,43924.8
61,22207.6
62,16430.0
63,5624.0
65,43898.4
66,49382.8
67,23703.8
68,100228.0
69,37974.0
70,33714.8
71,50907.9
72,48789.8
73,45562.0
75,33459.9
76,30769.2
77,26781.7
78,34278.8
79,4782.0
80,18176.1
81,28088.1
82,109012.8
83,14450.8
84,83957.9
86,24549.7
88,15509.7
90,37758.5
91,13726.1
93,32721.4
95,68266.0
96,65849.6
99,84100.3
100,52452.8
101,39221.3
102,30564.0
104,19309.0
106,38827.8
107,32612.5
108,52051.3
112,16633.0
113,26279.5
115,40124.9
116,37614.5
117,24313.3
119,52579.1
120,84812.6
122,39909.2
123,15562.7
125,95428.3
126,34301.9
127,13031.9
128,45394.5
131,25922.6
132,78907.6
135,42124.1
136,27883.0
137,52867.8
138,10800.0
140,15338.4
141,30266.6
142,20875.3
143,5424.0
145,35905.8
146,31091.9
148,17226.3
150,98659.1
151,12537.0
152,14391.8
153,28208.3
154,70069.1
155,26684.5
158,66087.5
160,65500.4
161,17915.3
162,35639.4
163,31447.8
164,20100.0
165,32116.2
166,19064.0
167,35500.0
168,17515.0
169,51437.7
170,47311.2
171,28143.8
172,37749.5
173,28015.4
174,14475.7
180,35496.1
181,44789.2
182,200.0
183,36916.6
184,48729.8
186,29425.1
187,17347.1
188,68737.6
190,37270.0
192,27826.2
193,300.0
194,34544.4
196,50359.4
197,22294.1
198,25416.9
199,6654.0
200,70647.0
201,29306.1
204,14554.3
206,39941.7
207,19941.7
208,36475.6
209,16598.8
210,52085.9
212,69773.6
213,50752.0
216,33928.6
217,37981.6
218,457.3
219,45482.1
220,19714.5
221,38997.4
222,48985.8
223,26907.0
224,12652.0
225,47046.4
227,29634.0
228,52710.5
230,28049.0
231,16508.5
234,13050.0
235,22035.2
236,15400.0
237,15587.6
238,14426.1
239,70368.8
241,25592.6
242,45993.5
243,39343.1
244,51521.3
245,13744.0
248,36774.2
249,27077.1
251,47810.9
252,1000.0
253,52058.2
255,90268.7
256,69497.7
257,19645.0
259,22809.1
260,25300.2
261,20899.0
262,10800.0
264,39043.7
265,26487.5
266,51066.2
267,22502.4
268,29568.8
269,27456.7
270,80230.3
271,30561.2
272,33731.4
273,31976.4
274,51437.9
275,22296.2
277,27089.5
278,68172.1
279,21674.0
280,31662.2
281,29018.8
283,24476.4
285,66237.7
286,44872.0
287,12447.4
288,25285.4
289,51733.2
290,25201.8
296,20984.7
297,22592.2
299,82988.9
300,41103.7
301,19504.7
302,32565.2
305,9060.0
306,18038.5
308,30400.0
312,26363.3
313,16409.3
317,35042.6
318,39945.6
321,30510.2
322,29067.3
324,21616.0
325,17918.1
327,59659.6
329,43586.3
331,21204.9
332,33152.5
333,700.0
334,92870.3
335,21793.0
336,34178.8
337,24538.0
338,14350.9
340,20563.0
341,24582.9
342,7996.0
343,15309.0
344,48637.7
345,52977.9
346,52466.1
347,50832.1
348,41250.8
350,13118.0
352,24255.6
353,38549.6
354,35539.0
355,32343.8
356,62730.3
357,17477.8
358,17437.0
359,23248.0
360,54519.6
361,48460.1
362,35809.4
363,42309.1
365,16448.3
366,39883.8
368,14061.5
370,22436.9
371,31437.6
372,50027.7
373,22255.2
374,58300.6
375,31571.7
376,44873.9
377,51082.5
379,19118.4
381,32400.3
382,14360.0
385,25516.9
388,35706.7
389,24398.7
390,65705.2
391,34155.7
392,44279.4
393,41489.0
395,32973.4
396,45981.7
397,48003.7
399,23500.0
400,43155.1
401,15040.0
403,58797.2
404,70772.0
406,13145.1
408,49167.8
409,34179.8
410,11676.0
411,48467.3
412,28542.2
413,14109.7
414,29557.6
415,29750.7
416,21120.0
417,21471.4
418,44945.3
419,34119.2
420,39158.8
422,34872.2
423,20103.7
425,25955.0
426,70096.5
427,51084.4
428,45262.1
429,39623.4
430,38716.5
431,50690.9
432,20613.9
433,31231.4
434,400.0
435,29229.6
436,39761.1
437,92422.6
439,46309.7
441,56895.5
443,25024.1
444,28113.6
445,50508.7
446,55392.0
447,52243.0
449,15767.9
450,15484.6
451,17847.4
452,41376.8
454,33866.2
455,42800.2
456,86795.3
458,45813.3
459,9600.0
460,17529.6
461,41858.9
462,38919.0
463,59012.5
465,26726.3
466,35900.0
467,43643.5
468,56538.2
470,19241.3
471,33935.3
473,31715.1
474,22623.1
477,56828.9
478,70263.8
479,16129.4
481,29514.1
484,29607.3
485,55221.5
486,30534.9
487,68549.3
488,25200.0
489,29063.4
490,13907.3
491,69850.5
492,27493.0
493,46179.9
494,26068.6
496,21653.0
497,48834.5
498,100160.9
500,41984.4
501,76081.3
503,60834.2
504,27886.7
505,300.0
506,54626.4
507,30201.3
508,13498.5
510,28755.3
511,70514.4
513,20423.2
514,30349.4
515,13044.5
516,26945.1
517,67937.7
518,23458.8
519,29427.0
520,19138.1
521,49874.1
522,31171.0
523,70966.6
524,26661.4
526,57960.0
528,300.0
530,31257.5
531,19889.8
532,23441.9
533,11775.0
535,50400.0
536,10924.0
538,13762.9
539,35705.8
540,34222.8
541,30430.5
542,19448.8
543,15641.2
544,39378.8
545,32593.9
546,5510.0
548,31060.4
549,22767.3
551,14502.7
552,18513.0
553,26070.8
554,45988.9
555,21586.3
557,15833.4
558,24975.8
559,13439.8
560,33345.6
561,400.0
562,49554.5
563,33129.0
565,33241.3
567,22099.8
568,32587.2
569,25213.0
570,17256.6
571,18954.3
572,41000.8
573,35046.5
574,67134.5
575,19656.3
576,38516.2
577,18963.6
580,19587.9
581,10280.0
582,14624.2
584,18804.3
586,16905.2
587,17500.0
588,16188.3
590,39469.1
592,300.0
593,41143.7
594,21865.6
595,200.0
596,86657.4
597,26603.0
599,18416.6
601,17427.8
602,11701.0
603,53215.7
604,41572.8
607,20406.3
608,18093.2
609,23989.9
610,70372.2
612,12121.9
613,44865.2
615,16916.1
616,18046.1
617,49930.9
618,76624.4
619,70352.0
620,21800.0
621,49466.1
623,18642.8
624,68677.6
625,3374.0
626,36875.6
627,67423.3
628,34552.6
629,11834.2
630,17792.7
631,17513.8
632,14983.7
633,22589.8
635,-424.4
637,20568.4
638,33854.4
640,28022.2
646,30831.9
648,69058.5
649,51850.1
650,21702.5
651,69932.6
652,54669.5
654,31733.8
655,79707.2
656,41014.0
657,35916.5
658,25606.2
659,900.0
660,29530.1
662,17266.1
664,200.0
665,49045.7
669,14986.1
674,28393.4
676,19083.2
678,16723.5
683,45589.4
684,12851.3
685,23531.7
686,23150.5
687,25740.1
688,30526.2
689,29327.4
690,32027.1
691,11675.0
692,61721.6
693,38888.2
694,25874.2
695,38647.1
697,86950.9
698,38744.6
699,55414.1
700,20863.4
701,54373.9
702,14756.8
704,40783.3
706,62308.6
708,24500.0
709,36509.8
710,17788.0
711,43043.7
712,89452.6
713,11840.0
714,11996.8
715,56591.2
716,58687.4
717,56501.7
719,30353.5
720,19897.8
721,26415.7
725,25621.4
726,27071.8
728,28861.1
730,30151.1
731,16984.7
732,48821.8
733,68573.4
734,19539.3
737,26738.1
738,89024.3
739,55595.3
740,23042.8
741,56331.7
742,19648.4
743,30615.6
744,17658.6
746,21378.6
747,17831.6
748,44438.5
750,52959.1
751,20541.5
753,22284.7
754,27901.2
756,46400.0
757,49196.5
759,49812.2
761,37291.1
762,22635.2
763,28989.3
764,20485.3
765,400.0
766,48336.1
767,28830.6
770,35488.3
771,33991.8
772,70204.2
773,39299.2
774,27027.5
775,68337.9
776,47599.8
778,22400.0
779,40943.8
780,40949.4
781,14474.1
784,50188.3
786,61054.8
787,21788.0
788,25182.1
789,21545.7
790,81474.6
791,20994.6
793,27974.7
795,50031.8
797,35551.2
798,28081.1
799,9348.3
802,41569.0
803,7581.7
804,45899.0
805,22219.6
806,7194.0
807,51518.8
808,8640.6
809,28038.2
810,22952.4
812,48805.3
813,28461.9
814,20656.8
815,19009.2
816,47993.6
817,23271.0
819,41007.3
820,46622.1
821,22600.2
822,21316.6
824,30435.9
826,36375.5
827,17678.7
829,7189.6
830,66286.1
831,11311.0
832,16250.6
833,17467.7
836,31032.9
837,50525.9
838,28600.0
839,87599.9
840,72254.9
841,39171.6
842,11046.4
844,53069.6
846,86877.7
847,19549.3
848,26688.3
849,15097.1
851,56032.4
853,48013.8
854,26795.3
855,40612.2
856,33305.8
857,15004.3
858,51121.0
860,28203.9
861,16373.0
862,57081.7
863,78653.7
865,16004.5
866,40762.2
869,21700.0
870,19055.3
871,75354.9
874,22835.3
875,29464.0
877,31991.6
878,44424.3
880,700.0
882,28139.0
883,33510.3
884,24558.8
885,77966.3
886,75305.5
887,15499.8
888,13014.0
890,18235.5
891,35428.4
892,21984.6
893,94097.8
894,11696.6
895,16726.4
896,22132.9
897,57078.4
898,40539.4
899,29182.3
900,14229.1
901,28928.4
902,24462.9
903,13344.2
904,79373.3
905,1000.0
907,18514.8
908,55455.3
911,49480.9
913,22402.4
914,19424.3
915,51799.4
916,38106.6
917,33971.8
918,21800.0
920,22166.3
921,20443.5
922,28991.6
923,25181.6
924,11750.9
925,55169.2
926,10569.2
928,47097.9
929,27172.5
930,40971.1
931,27558.9
932,26097.0
933,30861.9
935,500.0
936,23409.8
937,29158.3
939,21679.9
940,94617.3
941,13502.0
942,17114.1
943,20986.4
944,50688.8
945,57727.2
946,48964.2
947,26335.0
949,10297.4
950,88189.4
951,21789.3
953,34635.6
954,33998.1
955,56425.8
956,44990.0
957,18809.6
958,33143.3
959,17319.3
960,68945.6
962,26302.8
963,49358.0
964,43973.2
965,18966.7
967,57322.9
968,19517.7
969,67959.6
971,36021.4
972,9774.0
973,31790.5
974,73990.2
975,11450.0
976,44086.4
977,74069.0
978,44005.1
979,36264.2
980,300.0
981,58017.1
982,28694.2
984,46759.9
985,18818.8
986,23691.5
987,43054.2
988,31679.3
989,15864.8
990,60073.5
991,75670.9
992,20002.7
994,26099.1
995,21559.0
998,29830.9
1000,83238.1
1002,25284.3
1003,62990.0
1005,92391.4
1006,33302.3
1007,33367.2
1008,18477.0
1009,54558.3
1010,49288.9
1011,37992.7
1012,68956.1
1013,14309.5
1014,21396.4
1016,101666.6
1017,48196.8
1018,17880.9
1019,42642.2
1020,27375.2
1021,4389.0
1022,42990.2
1023,31878.1
1028,20400.0
1029,42240.0
1030,27696.7
1031,32084.1
1032,59819.8
1036,48054.4
1038,18121.5
1039,61847.3
1040,24311.3
1042,47758.8
1044,53152.0
1045,26162.2
1046,31999.3
1047,20936.6
1048,18723.7
1050,76236.2
1051,58383.8
1052,13813.5
1053,27686.4
1054,25839.7
1055,600.0
1056,1100.0
1057,16147.7
1058,84423.6
1059,12635.6
1060,16500.0
1062,57726.6
1063,28654.6
1065,39028.6
1066,50338.0
1067,58348.4
1069,19897.7
1070,31353.6
1071,81150.6
1073,43125.6
1074,74934.1
1075,29636.7
1076,45022.1
1077,49346.9
1078,22807.8
1079,41152.2
1080,71432.3
1081,800.0
1082,15051.4
1086,15346.2
1087,44407.0
1088,30802.1
1089,39143.3
1090,22904.3
1091,49495.7
1092,22594.0
1094,26792.4
1097,45758.5
1098,12087.2
1100,10417.0
1102,22414.5
1103,46374.8
1104,40247.4
1105,12204.7
1106,22255.5
1107,30974.3
1108,36363.3
1109,52948.9
1111,45465.9
1112,57931.9
1113,39292.7
1114,19661.5
1115,17353.0
1116,48814.8
1117,21880.0
1118,19033.1
1120,17626.7
1121,52250.6
1122,34916.4
1123,24703.6
1124,32600.0
1126,50596.0
1127,57109.6
1128,36377.1
1129,41606.4
1132,47759.9
1133,16132.7
1134,17382.4
1135,26103.0
1136,34593.4
1137,15463.8
1139,42834.6
1142,18266.9
1144,16748.3
1145,17833.7
1146,63691.0
1147,50450.1
1149,36759.4
1151,64194.8
1152,14968.5
1153,32864.0
1155,19054.8
1157,47748.1
1158,30979.6
1159,29635.7
1160,57435.8
1161,15555.8
1164,33288.4
1166,19033.5
1168,16702.2
1169,27731.4
1170,34369.7
1173,10759.0
1174,80632.3
1176,10212.0
1179,25477.4
1180,45460.2
1183,32863.4
1184,59684.1
1187,28933.6
1188,32188.4
1189,27834.8
1190,35118.0
1192,40590.2
1193,29334.2
1194,40440.3
1195,800.0
1196,23838.1
1197,34220.7
1200,43190.8
1201,50597.7
1203,60960.2
1204,68202.3
1205,18803.8
1206,16158.8
1207,44984.8
1210,54380.7
1211,46679.3
1212,11936.2
1213,17762.4
1216,16555.1
1217,19320.9
1218,49219.8
1219,28943.2
1220,32651.0
1222,28768.5
1223,44041.3
1225,59583.7
1226,22137.6
1227,42139.7
1228,39135.6
1231,49548.2
1232,28763.0
1233,16731.0
1234,16003.6
1235,27938.7
1236,19753.5
1237,78047.2
1238,26929.5
1239,13106.6
1241,19227.0
1243,30679.9
1246,21819.4
1247,32966.8
1248,28172.7
1249,28103.1
1250,23898.3
1251,55476.0
1254,67254.3
1256,31397.0
1257,52914.7
1258,12354.0
1260,24707.2
1261,45358.8
1263,66884.2
1265,20582.0
1266,39875.7
1267,70565.5
1268,39682.1
1269,28015.1
1271,18546.3
1272,50261.2
1273,43348.3
1274,30155.3
1275,25142.9
1276,37988.3
1277,25143.3
1280,22145.6
1285,27896.3
1286,111721.0
1287,34899.1
1288,19129.0
1289,81880.2
1291,22735.1
1292,45891.6
1293,76987.0
1294,21035.1
1295,22187.3
1296,5834.1
1297,46846.4
1298,30565.6
1299,14831.0
1301,14478.6
1302,28587.2
1304,20969.7
1305,78661.9
1306,26955.7
1307,28971.3
1308,15757.0
1309,94815.5
1310,22680.3
1311,12210.7
1312,28504.6
1314,35205.3
1315,33012.4
1316,300.0
1317,33516.3
1320,26685.1
1322,19462.5
1323,42144.5
1324,49876.3
1325,14221.8
1326,18098.4
1327,49827.1
1328,43950.0
1330,24023.3
1331,26742.5
1332,92020.8
1333,14916.0
1334,30443.5
1335,40534.8
1337,45196.1
1338,79562.8
1341,19165.2
1344,62510.3
1345,84414.8
1347,3600.0
1349,17474.0
1350,46113.1
1351,17251.7
1352,48819.1
1353,43322.6
1357,33504.9
1358,21429.8
1359,33527.9
1360,38980.4
1361,1100.0
1362,1000.0
1365,35044.4
1366,22683.6
1367,29638.1
1368,39701.9
1369,39982.3
1370,18000.0
1371,21321.5
1372,51178.8
1373,17293.7
1375,39839.5
1376,28186.5
1377,10596.0
1378,66493.4
1380,44402.0
1381,19013.1
1382,22536.8
1383,33607.5
1384,40402.8
1388,39830.2
1390,400.0
1391,600.0
1392,91329.8
1393,16439.2
1394,36083.5
1395,24501.8
1396,51328.7
1397,47537.2
1398,34100.0
1399,22917.9
1401,38101.6
1402,33557.3
1403,43242.1
1404,27892.7
1405,26354.9
1406,20692.2
1408,74200.6
1410,69778.1
1411,69180.7
1412,26958.3
1413,17868.4
1414,13946.6
1416,57587.2
1417,65032.3
1419,28923.6
1420,26378.6
1421,39049.3
1422,25383.7
1423,18870.7
1425,51030.3
1426,15721.4
1427,49079.4
1429,26729.6
1431,24559.6
1435,34076.9
1436,32436.5
1437,13271.1
1439,17964.1
1440,17838.7
1441,20365.4
1442,42160.7
1444,29598.2
1445,20083.0
1446,45967.2
1448,17157.5
1449,46072.1
1450,37019.4
1451,22103.5
1452,59606.7
1453,77444.1
1455,33143.0
1456,70568.6
1458,32792.1
1460,5598.0
1461,53268.5
1463,19858.9
1464,23581.6
1465,20331.2
1467,61025.9
1468,20475.1
1469,16602.7
1470,37281.4
1471,32044.5
1472,28593.4
1473,16609.6
1474,13029.0
1475,44387.5
1476,11808.9
1477,18286.5
1478,42922.2
1479,28879.4
1481,20990.0
1482,500.0
1483,26194.0
1484,20036.0
1485,81618.9
1486,58942.9
1487,22593.9
1490,42242.4
1492,10266.0
1493,17239.2
1495,48795.4
1496,38912.8
1497,23292.6
1499,30050.5
1500,50936.8
1501,21587.6
1502,55243.8
1503,23953.5
1504,44657.4
1505,28130.1
1507,39074.6
1508,59903.7
1509,26930.5
1510,57508.3
1511,56742.5
1512,35200.3
1513,54373.9
1515,50093.6
1516,30874.6
1517,18976.0
1518,102469.5
1519,85289.6
1520,27189.2
1521,11714.6
1525,18940.8
1526,46319.8
1527,20811.2
1529,21254.4
1530,14849.7
1532,37480.2
1534,45970.8
1535,54469.8
1536,55165.9
1538,80927.5
1539,10006.6
1540,34463.7
1541,18189.4
1542,27681.9
1543,50040.9
1544,40831.8
1545,32557.1
1546,17147.6
1547,39938.3
1548,11650.7
1549,22279.9
1550,23226.1
1552,63584.8
1553,1000.0
1554,64025.6
1555,7360.0
1556,18465.0
1557,700.0
1558,20510.8
1559,49768.5
1561,45222.1
1562,20598.0
1563,18000.0
1564,42414.0
1565,43893.8
1566,33589.5
1568,59442.6
1570,21615.1
1571,21381.2
1575,14200.0
1576,80375.0
1577,18681.3
1578,35657.3
1579,43859.6
1581,52485.0
1582,31328.0
1583,38697.3
1584,26748.1
1585,61118.5
1586,56241.5
1587,22787.0
1588,25995.0
1589,18814.2
1590,36865.6
1591,79998.5
1592,53507.2
1593,13020.0
1597,18868.9
1599,64491.3
1600,20871.0
1601,22584.9
1602,21112.0
1603,24601.0
1604,37861.5
1605,43434.9
1606,36469.0
1607,45408.6
1609,13655.3
1610,69107.5
1611,42410.1
1612,42309.4
1613,12314.1
1614,49533.9
1617,16287.9
1618,900.0
1620,26398.9
1621,44208.0
1622,30445.6
1623,41957.0
1624,25171.6
1625,26888.1
1626,23073.0
1627,43583.0
1628,21127.6
1629,19841.3
1630,19715.0
1631,12745.0
1632,75492.6
1633,39209.4
1634,60652.2
1635,63377.0
1637,27922.4
1640,33036.6
1641,98109.6
1642,22162.7
1644,41554.0
1645,31494.4
1646,97540.3
1649,32190.9
1652,17850.1
1653,64333.4
1654,59925.6
1655,29585.3
1658,24239.5
1659,400.0
1660,5235.0
1663,13080.1
1664,24261.3
1666,43543.9
1667,31330.2
1669,28505.3
1670,19246.3
1671,25126.5
1672,62171.5
1673,13924.0
1674,26474.5
1675,31149.2
1678,64123.7
1679,53212.4
1680,53179.9
1682,40413.1
1683,33187.1
1684,50747.9
1685,22264.5
1686,37002.6
1688,23769.4
1689,13815.0
1690,27078.0
1691,19870.9
1692,29224.3
1694,72715.2
1695,89645.5
1696,17855.8
1698,47239.7
1699,14737.0
1700,56887.1
1701,24036.7
1702,27060.0
1704,18262.2
1705,25204.3
1706,47169.5
1708,13603.7
1709,50197.3
1711,21382.5
1712,6304.0
1713,14966.6
1714,20332.2
1715,86328.3
1716,30135.9
1719,27449.1
1720,11400.0
1721,21600.0
1722,63245.8
1725,56345.4
1726,29265.5
1728,12092.9
1730,46627.7
1731,26505.0
1732,43281.3
1733,11808.3
1735,1100.0
1737,48320.9
1738,13099.4
1739,67625.4
1741,26465.4
1742,75475.2
1743,29712.3
1744,22193.6
1745,22300.0
1749,28911.3
1750,89572.2
1751,25879.6
1752,70616.6
1754,50884.2
1756,52259.0
1757,50721.8
1758,68318.5
1759,20193.6
1760,35523.1
1761,27484.8
1762,41108.6
1763,67784.1
1765,19722.8
1766,48523.3
1767,79670.2
1768,57267.2
1769,34694.0
1770,68162.9
1771,37909.5
1772,81623.6
1773,16497.3
1774,13373.8
1775,15959.1
1777,45406.1
1778,44773.6
1779,77917.5
1780,79809.7
1781,27782.6
1782,43601.6
1784,17127.7
1785,10884.0
1786,73850.2
1787,20100.0
1788,26322.7
1789,48000.0
1791,39622.8
1792,17056.3
1793,32382.5
1796,55397.5
1797,47817.9
1799,21013.0
1800,30711.1
1801,52208.9
1802,30721.8
1803,54787.8
1804,88150.3
1805,84814.8
1806,30549.4
1809,31230.1
1810,39108.7
1811,36240.6
1812,7908.0
1813,59472.4
1815,30116.9
1816,17390.6
1817,700.0
1820,49076.2
1821,30532.2
1822,29700.7
1823,15823.0
1824,61739.4
1825,35281.7
1826,39175.5
1827,29692.7
1828,30033.8
1829,42964.5
1830,22561.1
1831,25464.3
1832,37029.9
1834,52879.3
1835,54529.6
1836,30067.9
1837,82225.3
1838,42473.2
1843,34307.3
1844,33490.3
1846,19663.7
1847,33024.6
1848,13741.2
1851,36291.7
1852,14808.8
1855,10744.0
1856,24798.1
1858,27052.3
1859,18938.7
1861,49858.6
1862,88610.1
1865,29968.3
1867,81097.6
1870,39621.3
1871,42340.8
1874,35472.8
1875,15099.8
1877,35573.9
1878,34166.5
1879,13508.8
1880,25771.6
1882,22037.1
1884,800.0
1885,48912.2
1886,74638.8
1887,25866.4
1889,30527.9
1891,60535.2
1892,18936.7
1893,42675.9
1894,50219.2
1895,44218.9
1896,24393.7
1897,43193.4
1898,19416.0
1899,10084.7
1900,47802.6
1901,21355.7
1902,23246.9
1903,31730.6
1904,26718.7
1905,40510.6
1908,24153.2
1909,18297.4
1910,66652.3
1911,52096.9
1912,29052.3
1913,37413.7
1914,39982.7
1916,30035.9
1917,19566.0
1918,11654.2
1919,78630.7
1920,38054.8
1922,79099.1
1924,29743.0
1925,32015.4
1926,16216.2
1927,22318.6
1930,24324.2
1931,36652.6
1932,5270.8
1934,50829.0
1935,50075.1
1936,20212.2
1937,21880.4
1938,43558.1
1939,43253.4
1940,16903.8
1941,25730.8
1943,25332.0
1944,36528.7
1945,63712.6
1947,37424.5
1948,20093.6
1949,29492.2
1952,44890.2
1954,17435.3
1955,16994.3
1957,25192.1
1958,32177.5
1959,13176.7
1961,19520.2
1962,41960.3
1963,51571.6
1964,23247.6
1965,28259.0
1966,33736.6
1967,55426.5
1969,15454.2
1970,64584.0
1971,45011.2
1972,26870.0
1973,14915.6
1974,22359.2
1975,32965.8
1977,29879.9
1978,54586.0
1979,22996.7
1980,27607.6
1981,21468.6
1984,49868.8
1985,20905.0
1986,24518.2
1987,31548.0
1988,300.0
1989,16637.1
1990,22529.2
1991,27922.9
1993,23946.1
1994,51378.0
1996,63286.5
1997,27223.5
1998,61701.0
1999,38756.7
2001,69030.2
2002,36519.6
2003,71449.5
2004,75808.0
2008,62590.0
2009,56394.5
2010,21326.9
2011,14027.5
2012,34141.8
2013,40525.0
2015,19785.8
2017,29811.3
2020,28610.4
2022,29867.4
2023,73169.8
2025,31153.9
2026,37417.2
2027,17558.0
2028,58286.8
2029,8900.0
2030,94116.2
2032,18711.2
2033,30134.7
2034,51739.7
2037,39144.9
2038,35204.8
2039,34731.5
2040,33213.1
2041,24008.7
2043,26313.2
2044,44219.5
2045,20030.0
2046,21622.5
2047,34736.5
2050,46268.5
2052,50629.9
2054,33069.8
2056,28649.7
2058,27294.8
2059,34633.7
2060,23049.9
2061,15861.8
2062,39660.8
2063,33029.3
2065,49345.3
2066,33808.5
2067,41346.7
2068,12945.2
2070,50441.4
2072,75785.5
2074,43839.5
2075,18544.6
2076,19337.0
2077,27187.9
2078,37317.9
2082,19406.7
2083,49710.3
2084,72277.2
2086,77416.5
2087,31742.4
2088,17451.4
2090,6299.0
2091,32090.3
2092,14574.1
2094,14532.0
2095,46051.1
2096,54674.3
2099,66354.0
2101,26732.6
2102,45368.6
2104,37152.2
2105,26341.0
2106,16720.8
2107,19040.7
2108,47928.9
2109,33175.6
2110,24134.6
2111,99281.4
2112,31371.0
2113,33560.4
2114,44881.2
2115,3519.9
2117,52718.9
2119,20410.5
2121,45631.6
2122,26934.7
2123,14581.3
2124,45955.3
2128,24723.0
2130,115238.2
2131,31334.1
2132,34216.0
2137,32991.7
2139,34997.1
2140,19968.5
2143,49663.5
2144,14637.4
2146,36260.6
2147,26979.0
2148,14729.9
2149,21655.8
2150,13784.6
2151,11829.4
2153,20051.1
2154,17084.5
2155,16346.9
2156,47589.1
2157,33462.5
2159,39772.8
2160,15936.0
2161,29317.6
2163,44997.5
2164,46887.7
2167,43302.8
2170,61411.2
2175,42016.4
2176,19448.5
2177,15793.1
2178,64605.5
2179,54842.3
2180,11400.0
2185,32759.1
2186,28441.5
2189,75020.0
2190,38743.0
2191,41817.8
2192,26634.9
2193,24586.6
2195,60269.4
2199,25934.6
2201,19690.9
2203,18606.0
2205,29454.6
2206,28988.8
2207,49730.0
2209,92096.0
2210,29184.6
2212,19940.7
2213,20935.6
2214,41532.0
2216,35309.8
2217,15800.0
2218,38747.5
2219,93606.6
2220,16062.9
2222,28633.7
2223,13285.3
2225,22519.6
2226,42078.6
2227,21531.8
2228,82385.2
2230,29926.5
2232,20439.9
2233,22987.1
2234,3776.0
2235,17721.5
2236,65062.8
2237,49795.6
2239,29999.7
2240,49376.8
2241,50225.0
2242,53242.0
2243,38263.9
2244,37617.3
2245,57546.3
2250,45559.1
2252,10510.7
2253,38515.8
2254,76195.3
2255,16231.3
2256,23583.7
2257,20923.9
2258,7256.0
2259,13485.6
2260,3277.5
2261,30652.5
2263,54179.8
2264,5767.0
2265,4851.0
2266,52326.1
2267,26940.5
2268,65684.6
2269,36792.3
2271,24500.0
2274,41441.3
2275,35358.9
2276,41063.5
2278,39511.8
2280,29977.8
2281,40508.6
2282,63542.6
2285,12718.8
2286,16267.3
2287,49494.2
2288,60959.7
2289,40502.8
2290,12996.0
2291,21472.9
2292,28831.9
2293,13436.2
2294,33617.2
2295,41931.8
2297,15041.6
2298,47031.4
2301,67632.7
2302,33428.2
2303,25841.3
2304,21490.2
2305,2529.3
2306,26552.2
2307,17473.4
2309,32372.8
2310,22170.1
2313,30432.6
2314,37718.5
2315,42329.4
2318,53156.0
2319,46663.5
2321,75635.5
2322,23552.7
2323,55767.6
2326,71744.2
2327,19454.7
2328,52878.8
2329,31551.4
2330,21575.5
2331,18692.0
2332,35177.1
2333,86527.4
2336,15481.5
2339,18179.0
2341,17068.0
2342,25919.2
2343,30838.7
2344,15899.0
2345,19938.6
2346,25580.5
2347,22804.3
2348,39328.1
2349,19118.0
2352,45021.6
2353,48439.2
2355,57039.3
2356,38107.2
2357,28482.5
2358,40174.8
2359,31376.5
2360,43685.0
2361,23271.5
2362,700.0
2363,27653.6
2364,27050.3
2365,28165.6
2367,38388.6
2373,15536.0
2374,10429.6
2375,57548.4
2376,600.0
2377,24570.0
2378,91467.0
2379,14366.8
2382,24976.1
2383,50907.3
2384,39498.7
2385,26983.5
2386,600.0
2387,12496.4
2388,28181.4
2389,53419.9
2390,23158.5
2393,31942.7
2395,30308.1
2396,24599.8
2397,22086.7
2398,14615.2
2399,32376.9
2400,22599.6
2401,34769.2
2403,21993.0
2406,23741.1
2407,29886.9
2408,600.0
2409,41852.8
2410,47755.5
2411,49542.1
2414,13265.3
2416,27851.1
2417,26882.0
2418,60302.6
2419,72500.4
2420,22250.1
2421,33767.5
2423,13848.5
2424,55969.3
2425,31845.1
2427,38546.7
2428,44036.5
2429,56647.4
2430,32549.4
2431,28792.7
2432,23460.3
2433,32655.4
2434,10232.7
2435,27421.0
2436,65677.3
2437,20637.0
2439,23995.5
2441,200.0
2446,42375.0
2450,78180.6
2453,24842.9
2454,48583.0
2456,47431.4
2457,17124.0
2458,22297.7
2460,43723.9
2463,31567.6
2464,7723.8
2465,19084.3
2467,82723.3
2468,14037.8
2469,18997.2
2470,32432.7
2471,70014.7
2472,64685.7
2473,16411.0
2474,20632.5
2475,28789.3
2476,15094.3
2479,11875.3
2481,16900.0
2482,15338.0
2483,55839.0
2484,22622.3
2486,78656.2
2487,26355.6
2488,23843.7
2489,18698.7
2490,37177.8
2491,22365.5
2493,75496.2
2494,40061.7
2496,22745.4
2497,14478.6
2498,29881.6
2499,39940.9
2500,27943.0
2501,56655.0
2502,24173.0
2503,29326.3
2504,29277.5
2505,24266.9
2506,16345.6
2507,700.0
2508,14653.9
2510,66510.7
2511,47588.0
2513,16510.9
2514,57194.0
2515,29232.4
2517,31687.4
2519,28664.8
2520,13902.9
2521,55771.3
2522,42095.5
2523,14178.6
2524,20526.0
2525,29324.8
2526,26326.8
2527,63355.6
2528,20869.9
2530,45169.3
2531,200.0
2532,500.0
2533,22833.5
2534,36263.5
2536,31125.9
2538,17082.3
2540,32472.4
2541,33301.8
2542,30762.5
2543,50283.8
2544,8237.8
2546,22795.4
2547,67103.7
2548,40756.6
2549,49514.0
2550,56937.7
2551,17386.9
2552,33454.4
2553,23707.8
2554,49880.9
2555,69472.4
2557,30280.2
2559,27699.0
2561,50098.6
2562,19948.5
2563,36387.7
2565,13113.7
2566,11100.0
2567,14350.4
2568,36031.6
2569,29424.9
2570,16546.6
2572,64765.2
2573,30987.9
2574,52064.7
2576,55865.8
2577,28655.4
2578,15526.1
2580,41537.2
2581,54798.9
2582,50168.1
2583,49774.3
2584,11965.3
2585,13681.3
2588,36493.7
2589,6258.6
2590,3743.0
2591,24702.5
2592,55436.1
2593,53994.4
2596,27197.2
2598,95206.7
2599,39768.9
2600,61810.4
2601,10200.0
2602,41224.3
2603,24090.3
2604,24155.1
2605,30099.3
2606,28814.7
2608,31499.9
2609,74442.0
2610,300.0
2611,54137.0
2613,28140.8
2614,13878.5
2615,33249.9
2616,26457.6
2617,25749.8
2618,13697.3
2619,41340.3
2620,20123.8
2621,13602.7
2623,41127.4
2624,46675.1
2625,83225.9
2627,11987.0
2628,39547.1
2629,62945.4
2630,29057.8
2631,18738.6
2632,26702.5
2633,83846.9
2635,66587.7
2636,5482.0
2638,45067.1
2639,43822.6
2640,37532.5
2641,70873.7
2642,39701.5
2645,39995.7
2647,53248.2
2648,35888.1
2649,61241.9
2650,43814.0
2651,52092.9
2652,38477.8
2654,26210.4
2655,56812.4
2657,13295.8
2659,34676.7
2660,41780.8
2662,24903.0
2663,28378.9
2664,50691.2
2665,36780.3
2666,13810.2
2667,14206.4
2670,17514.1
2671,24537.8
2673,24398.0
2674,58785.9
2675,13164.3
2676,50239.8
2677,48641.3
2680,35308.2
2681,61021.9
2685,9644.1
2686,15685.5
2687,18193.4
2688,11169.0
2691,28498.1
2692,28736.3
2694,33061.9
2695,62836.4
2697,39553.2
2700,20190.6
2701,60565.3
2702,41961.2
2705,34716.3
2706,26100.0
2707,28555.0
2708,52239.5
2709,6674.0
2710,95504.1
2711,36293.6
2712,25486.4
2713,39853.0
2714,26315.0
2716,45762.9
2717,15808.5
2718,30539.3
2719,24141.3
2723,31909.4
2724,39281.3
2726,41797.3
2727,29917.1
2729,51760.7
2730,17652.7
2731,48576.4
2732,105886.4
2733,32085.6
2734,500.0
2736,13895.5
2737,63650.8
2738,26823.3
2739,14743.2
2740,19072.0
2741,57641.8
2742,57606.6
2746,24560.3
2747,14303.1
2749,19269.9
2750,31610.6
2751,35692.9
2752,73360.5
2755,29329.7
2757,13773.7
2758,50266.8
2759,71586.1
2761,900.0
2762,52318.9
2763,42897.3
2764,49992.7
2767,48002.8
2768,31811.0
2770,30418.0
2771,33800.4
2772,37234.2
2773,40103.2
2774,21534.8
2777,700.0
2778,17233.9
2779,63324.0
2780,33117.1
2781,45644.5
2783,34070.5
2788,25641.3
2789,52522.2
2790,69192.4
2792,27667.0
2793,20934.7
2794,43655.0
2795,41284.2
2798,43581.8
2799,1233.9
2801,18786.0
2802,34594.9
2803,59712.8
2804,36546.3
2805,15655.7
2807,42037.0
2808,43008.2
2809,39171.6
2810,30322.3
2811,45170.8
2812,67738.4
2813,32111.9
2814,22833.4
2817,46469.8
2818,72652.0
2819,54723.7
2821,35657.7
2823,19805.1
2824,41531.0
2825,77028.6
2826,25475.0
2827,300.0
2830,19750.5
2833,22544.0
2834,75146.8
2835,31018.5
2836,41845.4
2837,29126.4
2838,57387.2
2839,42815.8
2840,64750.3
2841,25972.6
2842,15569.3
2844,49190.2
2847,44729.8
2849,19916.2
2851,24709.8
2852,1000.0
2853,33890.8
2855,32218.7
2856,24150.7
2858,28226.1
2859,4133.3
2861,25270.2
2862,39725.2
2863,19654.2
2864,44731.8
2865,30188.2
2866,52115.1
2867,73904.1
2868,26154.9
2869,16067.0
2870,38561.9
2871,29324.5
2873,1100.0
2875,800.0
2876,32640.7
2877,42956.1
2880,32753.8
2881,47522.2
2882,25045.1
2884,54929.6
2885,73425.3
2886,33873.0
2887,68477.4
2888,15198.0
2889,33787.5
2890,54997.3
2893,18711.2
2894,49764.1
2895,23631.2
2896,21333.2
2898,23518.4
2902,25651.3
2903,71209.5
2904,17204.6
2905,39049.5
2906,38477.2
2907,17891.7
2909,41539.6
2911,15257.5
2912,24549.6
2913,17341.9
2914,43131.4
2915,68641.8
2916,20048.5
2917,59643.0
2919,19785.9
2921,35308.1
2922,28474.9
2923,15852.6
2924,51612.5
2925,16981.3
2926,46300.8
2928,29948.9
2929,66229.6
2930,52027.5
2931,19155.7
2932,106163.3
2933,30009.9
2934,34849.6
2935,18776.7
2938,39375.0
2940,81504.6
2944,15323.8
2945,22684.7
2946,19468.1
2947,24904.9
2949,28484.1
2950,43606.5
2951,54903.6
2953,33588.1
2955,16137.0
2957,50877.2
2958,19397.8
2959,27873.2
2960,41169.8
2961,23605.5
2962,53922.3
2963,23791.8
2965,27123.2
2967,22545.4
2968,41143.6
2969,30000.0
2970,37633.9
2971,15293.5
2972,74526.3
2973,57082.0
2974,45021.5
2976,47495.0
2977,43356.3
2978,13604.5
2980,20601.9
2983,37007.7
2985,38395.2
2987,44175.8
2989,27181.3
2990,30624.8
2991,36655.2
2993,65829.1
2994,62891.3
2995,35544.5
2996,51626.2
2999,23660.1
3000,55095.1
3001,35056.5
3003,41517.0
3004,19264.0
3006,31883.5
3007,31048.6
3008,41772.7
3009,18290.7
3010,39987.0
3011,15198.1
3014,35562.8
3015,14284.9
3016,28169.3
3017,16518.9
3018,600.0
3019,32728.7
3020,31124.4
3021,24447.1
3022,10210.0
3024,400.0
3026,17993.9
3027,24881.0
3028,23556.0
3029,700.0
3030,21804.5
3032,18213.2
3035,57718.6
3036,13740.5
3037,11614.0
3038,43877.4
3039,32166.2
3040,15441.1
3041,35914.9
3042,15586.0
3043,800.0
3044,12902.0
3045,28237.6
3047,24968.9
3049,28351.7
3050,64300.6
3051,85200.5
3053,61238.7
3055,32611.3
3056,23004.8
3058,64516.5
3061,18752.8
3063,33672.3
3064,31867.2
3066,39631.0
3068,24137.3
3069,63373.3
3071,76760.2
3072,23380.0
3074,29926.5
3076,24233.8
3078,19013.3
3079,16696.2
3080,12903.2
3084,13318.4
3086,63537.4
3087,17869.5
3088,59548.8
3089,37265.0
3090,500.0
3091,51603.8
3092,22032.2
3093,26008.4
3094,59412.6
3096,34570.2
3098,32490.2
3099,24511.2
3101,15470.9
3107,57894.3
3108,12861.3
3109,42255.9
3111,63826.0
3112,77580.8
3113,58823.1
3114,36793.6
3115,37183.5
3116,62475.3
3117,22730.7
3118,48556.3
3120,28591.0
3121,24318.5
3124,47506.2
3125,400.0
3126,37703.2
3127,29431.2
3128,42946.6
3129,28446.8
3130,35417.0
3131,29542.8
3132,22522.4
3133,21102.9
3134,37666.7
3135,37909.5
3136,49552.8
3138,30647.1
3139,12441.9
3141,32159.5
3142,17333.2
3144,20590.9
3145,27726.0
3146,21452.8
3147,37710.7
3148,23748.2
3149,28478.8
3151,34425.1
3152,13375.6
3153,78550.2
3155,43903.1
3157,36156.8
3158,9690.4
3160,41547.9
3162,48533.0
3164,18265.0
3166,14230.7
3167,48234.9
3168,27929.5
3170,45753.2
3171,24704.6
3173,18269.0
3175,15420.8
3177,12300.0
3178,15534.0
3179,36922.2
3180,28163.2
3181,30580.1
3182,200.0
3183,29700.0
3184,29827.2
3186,38822.8
3189,59578.8
3190,1000.0
3191,32746.7
3192,37149.6
3193,40020.4
3195,31947.6
3196,43829.8
3197,20136.7
3199,54623.8
3200,57797.2
3201,31479.6
3203,18219.5
3204,51884.7
3205,22236.6
3206,50653.8
3210,29514.2
3212,48372.9
3213,17710.0
3216,79087.5
3218,16677.5
3219,50025.7
3220,54253.0
3221,42583.0
3222,23170.2
3223,40344.8
3224,13414.7
3225,57555.1
3226,15464.4
3227,38096.4
3228,43617.3
3230,22446.0
3231,21681.2
3232,14359.0
3233,77053.9
3234,28355.1
3235,32735.3
3237,32020.8
3238,56745.0
3239,35467.3
3240,31405.3
3241,44230.8
3243,17781.8
3244,20461.3
3246,15311.2
3247,22288.2
3248,22692.9
3250,19863.0
3251,19574.3
3252,20313.5
3253,51199.2
3254,32264.3
3255,60473.5
3256,23967.8
3258,29913.6
3259,45317.2
3260,63775.3
3261,44142.3
3263,31400.0
3264,27264.9
3265,73863.1
3267,34024.9
3268,17152.7
3269,85868.7
3270,47114.6
3271,20006.6
3272,43875.7
3275,28112.0
3277,32665.0
3278,54057.3
3279,58656.6
3280,23037.6
3282,12415.3
3283,46490.8
3284,22175.4
3285,15955.7
3286,25262.9
3287,45125.5
3288,30528.2
3289,31856.5
3290,58307.9
3291,6355.0
3292,16024.6
3294,37093.5
3296,83648.0
3297,44825.7
3298,56767.5
3301,30184.2
3302,24728.8
3303,71320.1
3305,16837.2
3306,35881.9
3307,54989.6
3308,35741.5
3309,38826.7
3310,13412.8
3311,44687.8
3312,3659.3
3314,21500.0
3315,51696.8
3316,40876.9
3317,22547.9
3318,16008.4
3319,38280.7
3320,20555.0
3321,38575.6
3322,23151.6
3323,54759.6
3326,38001.5
3327,23454.2
3330,56852.3
3334,13400.0
3335,20353.3
3336,11855.0
3338,23238.1
3339,33734.0
3345,6815.8
3347,22028.0
3348,49786.1
3349,44230.0
3350,20310.3
3351,33309.1
3352,27973.0
3354,22500.3
3355,44762.8
3357,25848.8
3358,18041.4
3359,27961.6
3361,37664.6
3362,40648.6
3363,25001.9
3364,18597.5
3366,38546.6
3367,104135.2
3368,33639.9
3369,26204.0
3370,44812.5
3371,43504.1
3372,47755.5
3373,14726.2
3374,6086.6
3376,27022.4
3377,32731.0
3378,42366.1
3380,20052.5
3384,41686.6
3386,49420.7
3387,500.0
3389,67463.4
3391,64006.9
3392,27986.7
3393,800.0
3394,19839.2
3397,51483.0
3399,40374.2
3402,69506.3
3405,37391.6
3407,-378.9
3408,64440.5
3409,14643.0
3410,37454.6
3411,900.0
3412,400.0
3413,76723.2
3417,19908.0
3419,25254.3
3421,34946.8
3422,41043.6
3424,74979.3
3425,34483.3
3426,43544.1
3427,50420.3
3429,43305.1
3430,4356.3
3431,46871.9
3432,16393.2
3434,13833.6
3435,25721.4
3436,24031.6
3437,13400.0
3438,1000.0
3439,34245.3
3440,29380.9
3442,16504.8
3443,18354.3
3445,39725.9
3446,31955.9
3449,37896.7
3450,39845.5
3451,40854.7
3452,5507.3
3453,34587.9
3454,13692.0
3456,31338.0
3457,19156.5
3458,16719.5
3459,47527.8
3462,25560.0
3464,25157.2
3465,62589.5
3466,81522.5
3467,29042.7
3468,42970.3
3469,35641.9
3472,44208.6
3474,23286.0
3476,41556.4
3477,16576.1
3478,25311.5
3479,40941.1
3480,52368.5
3482,18224.9
3483,15086.7
3484,24777.9
3485,39323.3
3486,30084.9
3487,56594.3
3489,44383.2
3490,15300.0
3491,36276.2
3492,51901.5
3493,29407.5
3494,19901.8
3495,36287.8
3497,42833.5
3498,27473.4
3499,40088.8
3502,72234.6
3503,64176.6
3504,27228.6
3505,47749.8
3507,74002.8
3508,45447.3
3509,34756.9
3510,53591.8
3511,28414.2
3512,23000.0
3513,80452.0
3514,24737.2
3515,19965.7
3517,24605.0
3518,45192.8
3519,20040.9
3520,35342.5
3521,85851.8
3522,28406.5
3523,22400.0
3525,14135.7
3526,52238.6
3528,36774.6
3530,16632.1
3531,26491.8
3532,40729.6
3533,37051.3
3534,43650.0
3535,20675.3
3536,26899.3
3538,46460.2
3539,40642.5
3542,24788.3
3543,16592.6
3545,33500.5
3547,18248.8
3548,19225.4
3549,20192.0
3550,40009.4
3551,30149.2
3552,46143.7
3553,33349.0
3554,23217.9
3555,22128.5
3557,7211.3
3558,110482.2
3559,38802.0
3560,5826.0
3563,51921.5
3564,18665.5
3566,15729.4
3567,43149.1
3568,21019.9
3569,22554.3
3570,42546.1
3571,30844.5
3572,24239.3
3573,37339.1
3575,32677.8
3576,27458.9
3578,46374.8
3579,59560.4
3580,56525.5
3582,19822.4
3583,36922.9
3584,36916.2
3585,30128.4
3586,59997.7
3587,15114.9
3588,27911.9
3589,44861.1
3590,39297.4
3591,59511.2
3592,18395.7
3593,24443.8
3594,23498.9
3595,22676.9
3596,50087.6
3597,36129.1
3599,27210.9
3600,39586.5
3601,49382.9
3602,600.0
3604,21271.0
3605,33159.6
3606,23687.3
3608,29371.5
3609,50491.5
3612,43287.6
3613,17699.5
3614,101601.2
3615,32726.2
3617,76490.1
3618,67908.8
3621,30115.3
3622,9486.0
3623,28130.7
3624,23702.3
3625,17350.2
3626,40399.7
3628,61016.6
3629,19182.3
3631,29283.1
3632,12982.0
3636,56443.7
3638,63792.8
3640,17118.5
3641,22608.5
3643,29400.0
3644,13705.2
3645,35121.3
3646,71145.3
3647,39827.8
3648,25861.1
3649,46230.5
3650,51933.7
3651,33340.4
3653,50520.3
3654,78206.2
3655,27544.8
3656,24441.6
3660,14359.5
3661,20988.1
3663,63333.1
3667,14457.9
3668,24500.0
3669,21334.1
3670,27521.6
3672,50781.7
3673,29646.3
3674,64096.3
3675,49501.1
3676,12637.3
3677,11948.3
3678,12826.4
3679,41743.9
3680,26096.3
3682,35342.8
3683,70911.3
3684,22279.9
3687,50329.1
3688,37827.5
3689,11205.2
3690,28450.7
3691,21854.2
3693,80686.3
3694,47946.0
3696,52528.0
3697,17141.4
3698,21492.7
3699,28847.9
3701,30928.9
3702,66919.3
3704,26083.6
3706,29542.2
3708,18160.0
3709,40198.5
3710,30884.6
3712,19117.2
3713,80059.0
3714,30820.9
3717,25980.5
3718,26271.6
3720,40275.9
3721,20485.8
3723,78021.1
3725,44455.3
3726,63119.4
3727,38352.2
3728,25081.9
3729,15207.4
3730,31791.6
3731,16978.8
3733,38776.1
3734,9758.8
3735,71048.2
3736,39153.3
3737,27680.5
3738,42463.0
3741,34584.4
3743,27445.0
3745,71080.6
3746,69369.5
3747,23156.6
3748,19875.4
3749,55120.4
3750,35756.0
3751,23821.5
3752,43265.7
3753,28828.0
3754,23759.8
3755,82043.5
3756,30105.1
3758,38273.6
3759,17045.9
3760,39658.0
3763,29573.2
3764,33096.1
3765,3706.0
3766,31723.1
3767,45454.1
3769,22667.9
3770,49265.2
3771,22872.0
3772,45694.0
3774,40127.3
3775,27811.9
3776,45086.4
3777,20331.1
3778,71483.0
3779,47267.5
3780,13219.4
3781,100216.4
3783,28792.3
3784,31039.1
3785,80715.9
3786,49092.7
3787,51192.8
3788,57173.2
3789,52913.2
3791,31002.4
3792,15227.8
3793,32307.6
3795,30802.1
3796,58438.7
3797,30401.8
3799,24706.0
3800,25477.5
3801,46375.3
3802,19743.0
3803,26930.6
3804,49709.2
3805,36958.2
3806,46425.7
3807,53123.9
3808,35242.1
3809,22002.5
3810,22971.5
3811,20417.8
3812,34360.6
3814,27300.0
3815,48419.1
3816,26900.0
3817,31619.1
3818,49038.4
3819,19735.5
3820,46724.9
3821,33515.0
3822,47846.3
3823,11536.7
3824,25909.2
3825,13491.0
3826,26960.4
3827,35413.9
3832,19503.9
3834,28531.7
3835,37447.2
3837,35163.9
3838,14925.0
3839,33387.5
3840,39407.9
3841,24442.6
3843,24324.2
3844,22424.8
3845,49584.6
3847,77936.6
3848,40689.5
3849,60099.9
3850,56915.4
3854,27665.3
3855,41176.7
3856,5451.1
3858,26288.3
3860,18614.5
3863,31908.6
3864,24827.2
3865,56783.8
3866,21887.1
3868,29431.3
3869,96546.9
3871,33537.5
3874,38692.1
3876,5905.2
3877,38857.4
3878,15657.9
3880,30141.9
3881,33115.5
3882,19593.6
3883,40061.9
3884,18323.7
3886,23649.4
3887,35052.9
3888,16700.0
3890,17677.8
3891,48596.5
3892,8172.0
3893,600.0
3894,19625.1
3895,34132.3
3896,69615.9
3898,25148.1
3899,53672.7
3902,30324.7
3903,46238.6
3904,9979.4
3909,40346.0
3912,36531.9
3913,53062.2
3914,49920.5
3915,50341.1
3917,36215.7
3918,14542.7
3920,25644.6
3921,49944.2
3923,77639.5
3924,26470.1
3925,24827.3
3926,38777.0
3927,26484.3
3928,30789.0
3930,20492.8
3931,81531.3
3932,26629.6
3933,57964.6
3935,37132.2
3936,27197.1
3937,20522.0
3938,73342.0
3939,27914.4
3940,42200.3
3941,300.0
3943,18440.2
3944,53475.5
3945,27803.9
3946,29039.8
3947,53870.1
3948,41513.5
3949,41338.7
3952,12740.4
3954,37984.0
3955,42158.1
3956,32877.2
3957,61407.1
3960,24756.0
3962,800.0
3965,25923.0
3966,18956.5
3968,47003.0
3969,37511.2
3970,58687.6
3972,52269.9
3973,16142.8
3974,46943.4
3975,18397.9
3976,20125.7
3977,24580.9
3978,66822.5
3979,42841.9
3980,42519.9
3981,16725.1
3982,30330.8
3983,39929.5
3984,500.0
3989,25056.4
3991,300.0
3993,46336.7
3994,23100.0
3995,27993.1
3997,22201.3
3998,46615.3
3999,80669.6
4000,49996.4
4001,16181.6
4008,34000.0
4009,41702.1
4010,38343.8
4013,35038.4
4014,35496.7
4034,48399.4
4035,35110.2
4047,80635.5
4055,52258.3
4059,12800.9
4066,62518.4
4069,16056.3
4071,35603.5
4078,82180.4
4079,18894.0
4081,35159.7
4082,10926.7
4086,21239.2
4088,34240.7
4090,18900.0
4092,32436.1
4093,16813.0
4102,700.0
4103,66330.9
4105,19583.0
4109,48276.9
4119,34834.5
4121,25004.5
4131,41215.1
4134,25132.8
4159,49850.3
4161,40908.3
4171,30733.0
4173,13467.8
4186,48436.1
4195,53626.6
4204,14235.6
4214,50380.7
4225,47217.0
4237,47146.0
4240,38669.2
4245,60559.9
4253,46468.3
4254,40059.9
4255,36834.2
4258,76821.2
4259,99262.5
4260,21326.1
4263,47498.2
4264,52035.3
4269,50849.0
4273,36903.4
4276,48019.9
4283,71481.9
4286,62817.2
4287,27784.1
4296,76299.7
4318,69592.0
4321,67943.8
4328,37043.0
4329,18519.2
4330,21283.7
4337,49213.4
4343,63335.1
4346,92500.0
4347,69476.3
4349,58802.6
4350,89435.5
4352,58040.4
4355,19124.9
4356,6760.7
4368,62779.9
4375,44441.9
4377,29487.7
4379,25545.6
4383,30128.5
4385,40029.1
4389,47653.0
4405,73978.9
4408,44346.1
4413,31344.7
4414,19479.6
4416,58920.0
4418,18353.6
4423,67453.1
4424,35690.7
4427,15665.6
4434,93632.4
4437,31746.5
4438,36177.1
4439,25455.0
4442,37141.6
4447,27799.1
4448,29019.1
4454,1100.0
4458,28005.1
4462,34891.2
4463,36189.9
4470,41694.9
4476,17351.9
4478,94016.1
4480,28234.0
4484,34326.1
4488,24436.0
4493,68545.7
4503,54868.9
4511,24739.7
4514,63064.7
4519,49982.2
4526,29032.1
4537,78946.7
4538,31703.8
4543,47664.3
4576,33932.8
4580,31317.9
4585,44749.0
4588,29024.3
4589,21200.5
4596,57697.9
4650,17232.1
4659,67067.6
4727,65325.4
4743,74745.1
4753,19447.1
4768,28573.9
4774,37152.4
4825,24782.0
4851,123310.1
4852,27326.7
4894,53193.5
4907,27169.8
4937,38336.2
4948,39959.4
4981,36074.7
4994,53892.1
4995,9680.2
5001,106858.1
5011,70412.6
5024,35157.6
5033,27820.2
5063,53699.2
5065,683.2
5066,59695.5
5092,7447.4
5120,69194.4
5125,1575.8
5126,21281.5
5129,70845.8
5194,8129.8
5213,46462.2
5215,34902.8
5228,94431.9
5250,26480.5
5256,80780.0
5263,27578.1
5270,103745.7
5313,33918.9
5343,3115.8
5357,59634.1
5366,33697.2
5369,15254.6
5372,70268.2
5385,23538.3
5387,26531.8
5422,105712.4
5423,45516.0
5428,58140.9
5429,13255.4
5442,6930.8
5472,19568.2
5481,44254.7
5483,73260.8
5505,38520.8
5541,18800.0
5546,66731.8
5574,80439.7
5593,68241.5
5622,93605.6
5628,32403.4
5632,28194.4
5650,62671.9
5661,32085.5
5692,29016.2
5700,30227.6
5726,59077.0
5735,11574.8
5740,5503.3
5742,41243.5
5767,24182.2
5774,50647.1
5794,15520.2
5817,13178.4
5868,22035.4
5878,22749.7
5891,67995.4
5927,21691.3
5952,45871.6
5984,18069.1
5991,33525.3
6030,33743.7
6034,121600.3
6040,26984.4
6051,19783.2
6118,50996.5
6148,41147.7
6226,59316.9
6273,29057.9
6281,-3353.6
6289,117238.7
6321,32711.6
6353,31271.6
6358,57835.1
6363,48027.0
6397,42526.0
6400,36363.9
6425,35093.0
6434,40746.5
6463,2276.7
6472,31349.9
6473,14888.6
6511,14351.9
6512,42947.9
6555,64221.1
6609,132316.8
6636,50801.3
6688,38831.0
6701,27697.0
6715,19966.8
6738,46113.5
6806,50092.4
6872,46891.8
6897,58408.5
6910,35051.3
6924,31007.0
6927,309.0
6930,69398.9
6985,37396.4
7011,38239.6
7033,23535.2
7101,-2153.7
7123,58773.2
7133,23110.0
7136,25658.0
7184,40509.2
7190,25649.6
7203,31476.7
7231,40514.4
7401,28763.7
7418,24930.3
7445,12414.4
7449,47159.5
7454,28553.5
7465,600.0
7485,32715.3
7487,2748.0
7520,39897.3
7523,48665.3
7546,24672.8
7562,35488.1
7606,78521.0
7607,32802.7
7614,69148.6
7618,56018.3
7753,38202.2
7765,18380.5
7769,86857.4
7774,39877.2
7795,46580.5
7815,88632.1
7819,17887.1
7824,22500.0
7828,33364.1
7844,49842.9
7857,39416.1
7859,98631.7
7861,42899.4
7926,45528.9
7944,69650.4
7965,82549.0
8027,30825.8
8039,26235.8
8041,28271.8
8051,44213.1
8073,15673.6
8092,15407.2
8127,44564.6
8129,33243.7
8132,61123.9
8159,37920.3
8173,89342.6
8212,20881.4
8260,40287.4
8261,43847.8
8316,16218.7
8321,29305.8
8327,52551.7
8330,36353.1
8341,800.0
8377,80978.7
8405,38159.6
8411,26332.6
8475,30867.0
8489,35289.8
8492,39366.8
8519,28933.3
8533,54140.4
8547,113931.6
8558,43450.3
8564,27191.2
8566,6325.5
8625,62458.3
8628,32344.7
8680,52416.9
8759,54159.6
8776,44465.4
8856,59842.2
8896,39841.6
8899,19007.0
8934,11734.5
8957,24538.0
8972,38384.3
8982,53716.6
8998,92962.2
9006,20960.7
9017,31387.1
9024,22476.1
9030,60694.1
9034,47725.8
9041,5164.0
9051,13900.0
9093,24471.4
9104,58224.0
9188,20272.8
9192,70759.4
9199,43790.6
9203,23323.7
9236,37253.1
9265,23901.1
9307,39204.7
9333,12100.0
9337,58844.8
9403,52014.4
9422,43157.5
9472,45480.6
9493,23579.7
9510,53707.9
9528,90199.0
9548,38725.1
9583,30115.3
9591,25947.2
9627,86194.1
9635,13855.0
9640,12262.9
9645,53592.6
9656,36472.9
9703,66221.0
9707,37864.5
9731,34054.0
9750,26488.7
9790,34729.5
9814,3609.3
9826,56759.7
9828,48720.6
9833,41330.1
9869,47992.1
9883,31366.6
9897,29138.1
9928,42242.2
10001,50167.6
10018,24436.7
10019,34212.3
10036,35281.7
10079,39310.2
10093,47174.7
10105,41917.2
10131,30662.8
10220,39709.3
10227,86443.6
10266,41954.8
10297,31168.0
10320,67219.5
10364,49083.3
10411,8357.1
10436,36208.8
10439,21323.2
10440,16878.6
10451,18439.4
10520,58638.6
10558,7361.3
10562,56194.1
10607,76497.6
10630,44644.2
10656,15960.3
10663,69850.9
10670,78476.2
10694,23187.0
10710,57948.3
10728,37180.5
10738,9669.5
10762,51540.7
10788,54427.5
10884,13386.8
10904,23255.3
10906,13714.9
10911,31361.3
10940,43294.5
10942,50517.0
10963,41878.1
10973,53402.7
11013,41142.9
11021,24304.3
11042,42293.9
11054,15278.6
11065,38665.0
11111,21921.3
11123,96981.6
11135,45660.9
11138,39079.5
11186,53259.7
11265,21029.0
11295,72897.6
11320,47404.0
11325,53617.3
11333,19790.4
11349,24704.4
11359,25682.6
11362,24199.5
11382,27020.0
